month_end,scope,kpi,legacy_published,legacy_after_F1,delta_F1,legacy_after_F2,delta_F2,legacy_after_F3,delta_F3,legacy_corrected,avg_rate,legacy_def,new,per_customer,gold_legacy_definition,residual,delta_D1,delta_D2,delta_D3,delta_D4,delta_D5,delta_D6,delta_D7,delta_D8,gold_published,total_difference,tolerance,unexplained
2024-09-30,CZ,approval_rate,0.5432098765432098,0.5432098765432098,0.0,0.5432098765432098,0.0,0.5432098765432098,0.0,0.5432098765432098,,0.5432098765432098,0.6055045871559633,,0.5432098765432098,0.0,0.0,0.0,0.0,0.0,0.0,0.06229471061275349,0.0,0.0,0.6055045871559633,0.06229471061275349,1e-07,0.0
2024-09-30,CZ,avg_balance_per_customer_eur,2915.25555555968,2915.25555555968,0.0,2915.25555555968,0.0,2915.25555555968,0.0,2915.25555555968,,2915.25555555968,3073.272771017699,3073.2727261597065,2915.25555555968,0.0,0.0,0.0,0.0,0.0,0.0,0.0,158.01717060002647,4.485799263420631e-05,3073.272771017699,158.0172154580191,0.1,0.0
2024-09-30,CZ,dpd30_rate,0.0,0.0,0.0,0.0,0.0,0.03529030623965805,0.03529030623965805,0.03529030623965805,,0.035290306239658,0.0352903078696533,,0.035290306239658,-4.85722573273506e-17,0.0,0.0,0.0,1.6299952984577537e-09,0.0,0.0,0.0,0.0,0.0352903078696533,0.0352903078696533,1e-07,0.0
2024-09-30,CZ,dpd90_rate,0.019185201482804292,0.019185201482804292,0.0,0.019185201482804292,0.0,0.019185201482804292,0.0,0.019185201482804292,,0.0191852014828042,0.0191852043549384,,0.0191852014828042,-9.367506770274758e-17,0.0,0.0,0.0,0.0,2.8721342006099437e-09,0.0,0.0,0.0,0.0191852043549384,2.872134106934876e-09,1e-07,0.0
2024-09-30,CZ,new_accounts,124.0,124.0,0.0,124.0,0.0,124.0,0.0,124.0,,124.0,,,124.0,0.0,0.0,0.0,0.0,0.0,0.0,0.0,0.0,0.0,124.0,0.0,0.5,0.0
2024-09-30,CZ,new_originations_eur,587976.831,587976.831,0.0,587976.831,0.0,587976.831,0.0,587976.831,588938.649,587976.831,588938.71,,587976.831,0.0,0.0,961.8179999999702,0.060999999986961484,0.0,0.0,0.0,0.0,0.0,588938.71,961.8789999999572,0.1,0.0
2024-09-30,CZ,portfolio_balance_eur,5556477.0888967505,5556477.0888967505,0.0,5556477.0888967505,0.0,5556477.0888967505,0.0,5556477.0888967505,,5556477.08889675,5556477.17,,5556477.08889675,-9.313225746154785e-10,0.08110325038433075,0.0,0.0,0.0,0.0,0.0,0.0,0.0,5556477.17,0.08110324945300817,0.1,0.0
2024-09-30,GROUP,approval_rate,0.5097087378640777,0.5097087378640777,0.0,0.5097087378640777,0.0,0.5097087378640777,0.0,0.5097087378640777,,0.5097087378640777,0.5660377358490566,,0.5097087378640777,0.0,0.0,0.0,0.0,0.0,0.0,0.056328997984978924,0.0,0.0,0.5660377358490566,0.056328997984978924,1e-07,0.0
2024-09-30,GROUP,avg_balance_per_customer_eur,3028.67707018134,3028.67707018134,0.0,2981.896151265613,-46.78091891572694,2981.896151265613,0.0,2981.896151265613,,2981.8961512656124,3143.1641189811585,3143.164086871394,2981.8961512656124,-4.547473508864641e-13,0.0,0.0,0.0,0.0,0.0,0.0,161.26793560578153,3.210976456102799e-05,3143.1641189811585,114.4870487998187,0.1,0.0
2024-09-30,GROUP,dpd30_rate,0.0,0.0,0.0,0.0,0.0,0.030425054091168847,0.030425054091168847,0.030425054091168847,,0.0304250540911688,0.0304250536166009,,0.0304250540911688,-4.5102810375396984e-17,0.0,0.0,0.0,-4.745679023365756e-10,0.0,0.0,0.0,0.0,0.0304250536166009,0.0304250536166009,1e-07,0.0
2024-09-30,GROUP,dpd90_rate,0.013599472510643746,0.013599472510643746,0.0,0.013669883161251848,7.041065060810203e-05,0.013669883161251848,0.0,0.013669883161251848,,0.0136698831612518,0.0136698828470887,,0.0136698831612518,-4.683753385137379e-17,0.0,0.0,0.0,0.0,-3.141631000486145e-10,0.0,0.0,0.0,0.0136698828470887,7.041033644495515e-05,1e-07,0.0
2024-09-30,GROUP,new_accounts,401.0,401.0,0.0,401.0,0.0,401.0,0.0,401.0,,401.0,,,401.0,0.0,0.0,0.0,0.0,0.0,0.0,0.0,0.0,0.0,401.0,0.0,0.5,0.0
2024-09-30,GROUP,new_originations_eur,1942121.5132,1942121.5132,0.0,1909410.4036999997,-32711.109500000253,1909410.4036999997,0.0,1909410.4036999997,1915807.7431,1909410.4037,1915807.76,,1909410.4037,2.3283064365386963e-10,0.0,6397.339400000172,0.016899999929592013,0.0,0.0,0.0,0.0,0.0,1915807.76,-26313.75319999992,0.1,0.0
2024-09-30,GROUP,portfolio_balance_eur,18299266.858035654,18299266.858035654,0.0,18016616.545946833,-282650.3120888211,18016616.545946833,0.0,18016616.545946833,,18016616.54594683,18016616.73,,18016616.54594683,-3.725290298461914e-09,0.18405317142605782,0.0,0.0,0.0,0.0,0.0,0.0,0.0,18016616.73,-282650.1280356534,0.1,0.0
2024-09-30,PL,approval_rate,0.48732394366197185,0.48732394366197185,0.0,0.48732394366197185,0.0,0.48732394366197185,0.0,0.48732394366197185,,0.4873239436619718,0.542319749216301,,0.4873239436619718,-5.551115123125783e-17,0.0,0.0,0.0,0.0,0.0,0.0549958055543292,0.0,0.0,0.542319749216301,0.05499580555432915,1e-07,0.0
2024-09-30,PL,avg_balance_per_customer_eur,2931.2470119354825,2931.2470119354825,0.0,2931.2470119354825,0.0,2931.2470119354825,0.0,2931.2470119354825,,2931.2470119354825,3092.914041867955,3092.914017022101,2931.2470119354825,0.0,0.0,0.0,0.0,0.0,0.0,0.0,161.66700508661825,2.4845854113664245e-05,3092.914041867955,161.66702993247236,0.1,0.0
2024-09-30,PL,dpd30_rate,0.0,0.0,0.0,0.0,0.0,0.02676534098091679,0.02676534098091679,0.02676534098091679,,0.0267653409809167,0.0267653408501221,,0.0267653409809167,-9.020562075079397e-17,0.0,0.0,0.0,-1.307946008444194e-10,0.0,0.0,0.0,0.0,0.0267653408501221,0.0267653408501221,1e-07,0.0
2024-09-30,PL,dpd90_rate,0.012515590255615548,0.012515590255615548,0.0,0.012515590255615548,0.0,0.012515590255615548,0.0,0.012515590255615548,,0.0125155902556155,0.0125155892413827,,0.0125155902556155,-4.85722573273506e-17,0.0,0.0,0.0,0.0,-1.0142327984408173e-09,0.0,0.0,0.0,0.0125155892413827,-1.0142328470130746e-09,1e-07,0.0
2024-09-30,PL,new_accounts,166.0,166.0,0.0,166.0,0.0,166.0,0.0,166.0,,166.0,,,166.0,0.0,0.0,0.0,0.0,0.0,0.0,0.0,0.0,0.0,166.0,0.0,0.5,0.0
2024-09-30,PL,new_originations_eur,768552.0822,768552.0822,0.0,768552.0822,0.0,768552.0822,0.0,768552.0822,773021.3176,768552.0822,773021.3,,768552.0822,0.0,0.0,4469.235400000005,-0.01759999990463257,0.0,0.0,0.0,0.0,0.0,773021.3,4469.2178000001,0.1,0.0
2024-09-30,PL,portfolio_balance_eur,7682798.4182829,7682798.4182829,0.0,7682798.4182829,0.0,7682798.4182829,0.0,7682798.4182829,,7682798.4182829,7682798.48,,7682798.4182829,0.0,0.06171710044145584,0.0,0.0,0.0,0.0,0.0,0.0,0.0,7682798.48,0.06171710044145584,0.1,0.0
2024-09-30,RO,approval_rate,0.5088495575221239,0.5088495575221239,0.0,0.5088495575221239,0.0,0.5088495575221239,0.0,0.5088495575221239,,0.5088495575221239,0.5609756097560976,,0.5088495575221239,0.0,0.0,0.0,0.0,0.0,0.0,0.05212605223397371,0.0,0.0,0.5609756097560976,0.05212605223397371,1e-07,0.0
2024-09-30,RO,avg_balance_per_customer_eur,3339.9282843933997,3339.9282843933997,0.0,3153.360421628502,-186.56786276489765,3153.360421628502,0.0,3153.360421628502,,3153.360421628502,3317.5979722222223,3317.59794358832,3153.360421628502,0.0,0.0,0.0,0.0,0.0,0.0,0.0,164.23752195981797,2.8633902275032597e-05,3317.5979722222223,-22.33031217117741,0.1,0.0
2024-09-30,RO,dpd30_rate,0.0,0.0,0.0,0.0,0.0,0.03065178607267027,0.03065178607267027,0.03065178607267027,,0.0306517860726702,0.0306517825601851,,0.0306517860726702,-6.938893903907228e-17,0.0,0.0,0.0,-3.5124851013867975e-09,0.0,0.0,0.0,0.0,0.0306517825601851,0.0306517825601851,1e-07,0.0
2024-09-30,RO,dpd90_rate,0.00911137666039699,0.00911137666039699,0.0,0.00911137666039699,0.0,0.00911137666039699,0.0,0.00911137666039699,,0.0091113766603969,0.0091113737267425,,0.0091113766603969,-9.020562075079397e-17,0.0,0.0,0.0,0.0,-2.9336543992675157e-09,0.0,0.0,0.0,0.0091113737267425,-2.9336544894731365e-09,1e-07,0.0
2024-09-30,RO,new_accounts,111.0,111.0,0.0,111.0,0.0,111.0,0.0,111.0,,111.0,,,111.0,0.0,0.0,0.0,0.0,0.0,0.0,0.0,0.0,0.0,111.0,0.0,0.5,0.0
2024-09-30,RO,new_originations_eur,585592.6,585592.6,0.0,552881.4905,-32711.10950000002,552881.4905,0.0,552881.4905,553847.7765,552881.4905,553847.75,,552881.4905,0.0,0.0,966.2860000000801,-0.02650000003632158,0.0,0.0,0.0,0.0,0.0,553847.75,-31744.849999999977,0.1,0.0
2024-09-30,RO,portfolio_balance_eur,5059991.350856001,5059991.350856001,0.0,4777341.03876718,-282650.31208882015,4777341.03876718,0.0,4777341.03876718,,4777341.03876718,4777341.08,,4777341.03876718,0.0,0.04123281966894865,0.0,0.0,0.0,0.0,0.0,0.0,0.0,4777341.08,-282650.2708560005,0.1,0.0
2024-10-31,CZ,approval_rate,0.528,0.528,0.0,0.528,0.0,0.528,0.0,0.528,,0.528,0.6027397260273972,,0.528,0.0,0.0,0.0,0.0,0.0,0.0,0.0747397260273972,0.0,0.0,0.6027397260273972,0.0747397260273972,1e-07,0.0
2024-10-31,CZ,avg_balance_per_customer_eur,2888.0054647943402,2888.0054647943402,0.0,2888.0054647943402,0.0,2888.0054647943402,0.0,2888.0054647943402,,2888.00546479434,3038.3442477876106,3038.344114705549,2888.00546479434,-4.547473508864641e-13,0.0,0.0,0.0,0.0,0.0,0.0,150.33864991120936,0.000133082061438472,3038.3442477876106,150.33878299327034,0.1,0.0
2024-10-31,CZ,dpd30_rate,0.03381606473049207,0.03381606473049207,0.0,0.03381606473049207,0.0,0.035623052398845015,0.0018069876683529454,0.035623052398845015,,0.035623052398845,0.0356230558120807,,0.035623052398845,-1.3877787807814457e-17,0.0,0.0,0.0,3.4132357010219216e-09,0.0,0.0,0.0,0.0,0.0356230558120807,0.0018069910815886325,1e-07,0.0
2024-10-31,CZ,dpd90_rate,0.02181209606661405,0.02181209606661405,0.0,0.02181209606661405,0.0,0.02181209606661405,0.0,0.02181209606661405,,0.021812096066614,0.0218120954909943,,0.021812096066614,-5.204170427930421e-17,0.0,0.0,0.0,0.0,-5.756196977402261e-10,0.0,0.0,0.0,0.0218120954909943,-5.756197497819304e-10,1e-07,0.0
2024-10-31,CZ,new_accounts,137.0,137.0,0.0,137.0,0.0,137.0,0.0,137.0,,137.0,,,137.0,0.0,0.0,0.0,0.0,0.0,0.0,0.0,0.0,0.0,137.0,0.0,0.5,0.0
2024-10-31,CZ,new_originations_eur,660984.636,660984.636,0.0,660984.636,0.0,660984.636,0.0,660984.636,658754.824,660984.636,658754.77,,660984.636,0.0,0.0,-2229.8120000000345,-0.05400000000372529,0.0,0.0,0.0,0.0,0.0,658754.77,-2229.866000000038,0.1,0.0
2024-10-31,CZ,portfolio_balance_eur,5836659.044349361,5836659.044349361,0.0,5836659.044349361,0.0,5836659.044349361,0.0,5836659.044349361,,5836659.04434936,5836659.3,,5836659.04434936,-9.313225746154785e-10,0.2556506395339966,0.0,0.0,0.0,0.0,0.0,0.0,0.0,5836659.3,0.255650638602674,0.1,0.0
2024-10-31,GROUP,approval_rate,0.5108433734939759,0.5108433734939759,0.0,0.5108433734939759,0.0,0.5108433734939759,0.0,0.5108433734939759,,0.5108433734939759,0.5683646112600537,,0.5108433734939759,0.0,0.0,0.0,0.0,0.0,0.0,0.05752123776607776,0.0,0.0,0.5683646112600537,0.05752123776607776,1e-07,0.0
2024-10-31,GROUP,avg_balance_per_customer_eur,3012.734602459175,3012.734602459175,0.0,2961.1548239833273,-51.57977847584789,2961.1548239833273,0.0,2961.1548239833273,,2961.154823983327,3118.397320099256,3118.3972885819453,2961.154823983327,-4.547473508864641e-13,0.0,0.0,0.0,0.0,0.0,0.0,157.24246459861843,3.1517310617346084e-05,3118.397320099256,105.6627176400807,0.1,0.0
2024-10-31,GROUP,dpd30_rate,0.029082242953618314,0.029082242953618314,0.0,0.029081542200865732,-7.007527525818014e-07,0.030020037241192225,0.0009384950403264931,0.030020037241192225,,0.0300200372411922,0.0300200382884215,,0.0300200372411922,-2.42861286636753e-17,0.0,0.0,0.0,1.0472292998053856e-09,0.0,0.0,0.0,0.0,0.0300200382884215,0.0009377953348031869,1e-07,0.0
2024-10-31,GROUP,dpd90_rate,0.013610358159861382,0.013610358159861382,0.0,0.013758262749530426,0.00014790458966904355,0.013758262749530426,0.0,0.013758262749530426,,0.0137582627495304,0.013758262433358,,0.0137582627495304,-2.6020852139652106e-17,0.0,0.0,0.0,0.0,-3.1617239902581584e-10,0.0,0.0,0.0,0.013758262433358,0.0001479042734966185,1e-07,0.0
2024-10-31,GROUP,new_accounts,411.0,411.0,0.0,411.0,0.0,411.0,0.0,411.0,,411.0,,,411.0,0.0,0.0,0.0,0.0,0.0,0.0,0.0,0.0,0.0,411.0,0.0,0.5,0.0
2024-10-31,GROUP,new_originations_eur,2108481.7635,2108481.7635,0.0,2071877.0894999998,-36604.674000000115,2071877.0894999998,0.0,2071877.0894999998,2073577.2361,2071877.0895,2073577.3,,2071877.0895,2.3283064365386963e-10,0.0,1700.1466000000946,0.06389999995008111,0.0,0.0,0.0,0.0,0.0,2073577.3,-34904.46349999984,0.1,0.0
2024-10-31,GROUP,portfolio_balance_eur,19179068.47925511,19179068.47925511,0.0,18850711.609477863,-328356.8697772473,18850711.609477863,0.0,18850711.609477863,,18850711.60947786,18850711.8,,18850711.60947786,-3.725290298461914e-09,0.19052214175462723,0.0,0.0,0.0,0.0,0.0,0.0,0.0,18850711.8,-328356.6792551093,0.1,0.0
2024-10-31,PL,approval_rate,0.5041551246537396,0.5041551246537396,0.0,0.5041551246537396,0.0,0.5041551246537396,0.0,0.5041551246537396,,0.5041551246537396,0.5384615384615384,,0.5041551246537396,0.0,0.0,0.0,0.0,0.0,0.0,0.03430641380779886,0.0,0.0,0.5384615384615384,0.03430641380779886,1e-07,0.0
2024-10-31,PL,avg_balance_per_customer_eur,2917.2859831025294,2917.2859831025294,0.0,2917.2859831025294,0.0,2917.2859831025294,0.0,2917.2859831025294,,2917.285983102529,3078.6105760368664,3078.610553596678,2917.285983102529,-4.547473508864641e-13,0.0,0.0,0.0,0.0,0.0,0.0,161.32457049414916,2.2440188331529498e-05,3078.6105760368664,161.32459293433703,0.1,0.0
2024-10-31,PL,dpd30_rate,0.025608999773377217,0.025608999773377217,0.0,0.025608999773377217,0.0,0.030804670398884487,0.0051956706255072704,0.030804670398884487,,0.0308046703988844,0.0308046702806565,,0.0308046703988844,-8.673617379884035e-17,0.0,0.0,0.0,-1.1822789969251346e-10,0.0,0.0,0.0,0.0,0.0308046702806565,0.005195670507279284,1e-07,0.0
2024-10-31,PL,dpd90_rate,0.013279835543411412,0.013279835543411412,0.0,0.013279835543411412,0.0,0.013279835543411412,0.0,0.013279835543411412,,0.0132798355434114,0.013279835123819,,0.0132798355434114,-1.214306433183765e-17,0.0,0.0,0.0,0.0,-4.1959239902022993e-10,0.0,0.0,0.0,0.013279835123819,-4.1959241116329427e-10,1e-07,0.0
2024-10-31,PL,new_accounts,173.0,173.0,0.0,173.0,0.0,173.0,0.0,173.0,,173.0,,,173.0,0.0,0.0,0.0,0.0,0.0,0.0,0.0,0.0,0.0,173.0,0.0,0.5,0.0
2024-10-31,PL,new_originations_eur,853796.1675,853796.1675,0.0,853796.1675,0.0,853796.1675,0.0,853796.1675,856321.5453,853796.1675,856321.63,,853796.1675,0.0,0.0,2525.3778000000166,0.08470000000670552,0.0,0.0,0.0,0.0,0.0,856321.63,2525.4625000000233,0.1,0.0
2024-10-31,PL,portfolio_balance_eur,8016701.881565751,8016701.881565751,0.0,8016701.881565751,0.0,8016701.881565751,0.0,8016701.881565751,,8016701.88156575,8016701.94,,8016701.88156575,-9.313225746154785e-10,0.05843425076454878,0.0,0.0,0.0,0.0,0.0,0.0,0.0,8016701.94,0.058434249833226204,0.1,0.0
2024-10-31,RO,approval_rate,0.502283105022831,0.502283105022831,0.0,0.502283105022831,0.0,0.502283105022831,0.0,0.502283105022831,,0.502283105022831,0.582010582010582,,0.502283105022831,0.0,0.0,0.0,0.0,0.0,0.0,0.07972747698775096,0.0,0.0,0.582010582010582,0.07972747698775096,1e-07,0.0
2024-10-31,RO,avg_balance_per_customer_eur,3334.8200083531615,3334.8200083531615,0.0,3129.211448693018,-205.60855966014333,3129.211448693018,0.0,3129.211448693018,,3129.211448693018,3287.730631578947,3287.73071287023,3129.211448693018,0.0,0.0,0.0,0.0,0.0,0.0,0.0,158.51926417721188,-8.129128309519729e-05,3287.730631578947,-47.08937677421454,0.1,0.0
2024-10-31,RO,dpd30_rate,0.029122472622202272,0.029122472622202272,0.0,0.029122472622202272,0.0,0.02221729101099332,-0.006905181611208951,0.02221729101099332,,0.0222172910109933,0.0222172906757215,,0.0222172910109933,-2.0816681711721685e-17,0.0,0.0,0.0,-3.3527179990611167e-10,0.0,0.0,0.0,0.0,0.0222172906757215,-0.006905181946480772,1e-07,0.0
2024-10-31,RO,dpd90_rate,0.005119271107348287,0.005119271107348287,0.0,0.005119271107348287,0.0,0.005119271107348287,0.0,0.005119271107348287,,0.0051192711073482,0.0051192706400809,,0.0051192711073482,-8.760353553682876e-17,0.0,0.0,0.0,0.0,-4.67267299505969e-10,0.0,0.0,0.0,0.0051192706400809,-4.672673871095046e-10,1e-07,0.0
2024-10-31,RO,new_accounts,101.0,101.0,0.0,101.0,0.0,101.0,0.0,101.0,,101.0,,,101.0,0.0,0.0,0.0,0.0,0.0,0.0,0.0,0.0,0.0,101.0,0.0,0.5,0.0
2024-10-31,RO,new_originations_eur,593700.96,593700.96,0.0,557096.286,-36604.674,557096.286,0.0,557096.286,558500.8668,557096.286,558500.9,,557096.286,0.0,0.0,1404.580799999996,0.0332000000635162,0.0,0.0,0.0,0.0,0.0,558500.9,-35200.05999999994,0.1,0.0
2024-10-31,RO,portfolio_balance_eur,5325707.553339999,5325707.553339999,0.0,4997350.68356275,-328356.8697772492,4997350.68356275,0.0,4997350.68356275,,4997350.68356275,4997350.56,,4997350.68356275,0.0,-0.12356275040656328,0.0,0.0,0.0,0.0,0.0,0.0,0.0,4997350.56,-328356.9933399996,0.1,0.0
2024-11-30,CZ,approval_rate,0.47003154574132494,0.47003154574132494,0.0,0.47003154574132494,0.0,0.47003154574132494,0.0,0.47003154574132494,,0.4700315457413249,0.5265017667844523,,0.4700315457413249,-5.551115123125783e-17,0.0,0.0,0.0,0.0,0.0,0.05647022104312738,0.0,0.0,0.5265017667844523,0.05647022104312732,1e-07,0.0
2024-11-30,CZ,avg_balance_per_customer_eur,2925.592757213457,2925.592757213457,0.0,2925.592757213457,0.0,2925.592757213457,0.0,2925.592757213457,,2925.592757213457,3075.845550617284,3075.845422275284,2925.592757213457,0.0,0.0,0.0,0.0,0.0,0.0,0.0,150.25266506182697,0.0001283420001527702,3075.845550617284,150.25279340382713,0.1,0.0
2024-11-30,CZ,dpd30_rate,0.033458771865646296,0.033458771865646296,0.0,0.033458771865646296,0.0,0.03274528601610401,-0.0007134858495422836,0.03274528601610401,,0.032745286016104,0.032745287517238,,0.032745286016104,-1.3877787807814457e-17,0.0,0.0,0.0,1.5011340018245e-09,0.0,0.0,0.0,0.0,0.032745287517238,-0.0007134843484082956,1e-07,0.0
2024-11-30,CZ,dpd90_rate,0.023981360426457946,0.023981360426457946,0.0,0.023981360426457946,0.0,0.023981360426457946,0.0,0.023981360426457946,,0.0239813604264579,0.0239813611408933,,0.0239813604264579,-4.5102810375396984e-17,0.0,0.0,0.0,0.0,7.144353997290409e-10,0.0,0.0,0.0,0.0239813611408933,7.144353546262305e-10,1e-07,0.0
2024-11-30,CZ,new_accounts,129.0,129.0,0.0,129.0,0.0,129.0,0.0,129.0,,129.0,,,129.0,0.0,0.0,0.0,0.0,0.0,0.0,0.0,0.0,0.0,129.0,0.0,0.5,0.0
2024-11-30,CZ,new_originations_eur,688484.37,688484.37,0.0,688484.37,0.0,688484.37,0.0,688484.37,687486.444,688484.37,687486.39,,688484.37,0.0,0.0,-997.9259999999776,-0.05400000000372529,0.0,0.0,0.0,0.0,0.0,687486.39,-997.9799999999814,0.1,0.0
2024-11-30,CZ,portfolio_balance_eur,6228586.98010745,6228586.98010745,0.0,6228586.98010745,0.0,6228586.98010745,0.0,6228586.98010745,,6228586.98010745,6228587.24,,6228586.98010745,0.0,0.25989255029708147,0.0,0.0,0.0,0.0,0.0,0.0,0.0,6228587.24,0.25989255029708147,0.1,0.0
2024-11-30,GROUP,approval_rate,0.49141630901287553,0.49141630901287553,0.0,0.49141630901287553,0.0,0.49141630901287553,0.0,0.49141630901287553,,0.4914163090128755,0.5491606714628298,,0.4914163090128755,-5.551115123125783e-17,0.0,0.0,0.0,0.0,0.0,0.05774436244995429,0.0,0.0,0.5491606714628298,0.057744362449954234,1e-07,0.0
2024-11-30,GROUP,avg_balance_per_customer_eur,3011.5670751160515,3011.5670751160515,0.0,2958.6642910542955,-52.90278406175594,2958.6642910542955,0.0,2958.6642910542955,,2958.6642910542964,3116.3667201257863,3116.366680152945,2958.6642910542964,9.094947017729282e-13,0.0,0.0,0.0,0.0,0.0,0.0,157.70238909864838,3.997284147772007e-05,3116.3667201257863,104.79964500973483,0.1,0.0
2024-11-30,GROUP,dpd30_rate,0.028532684150332558,0.028532684150332558,0.0,0.028658832499776684,0.00012614834944412595,0.028738556409351967,7.972390957528344e-05,0.028738556409351967,,0.0287385564093519,0.0287385568255127,,0.0287385564093519,-6.591949208711867e-17,0.0,0.0,0.0,4.1616079679562823e-10,0.0,0.0,0.0,0.0,0.0287385568255127,0.00020587267518014027,1e-07,0.0
2024-11-30,GROUP,dpd90_rate,0.01586303938036828,0.01586303938036828,0.0,0.01599035593942266,0.00012731655905437803,0.01599035593942266,0.0,0.01599035593942266,,0.0159903559394226,0.015990356379944,,0.0159903559394226,-5.898059818321144e-17,0.0,0.0,0.0,0.0,4.4052140060757417e-10,0.0,0.0,0.0,0.015990356379944,0.00012731699957571965,1e-07,0.0
2024-11-30,GROUP,new_accounts,409.0,409.0,0.0,409.0,0.0,409.0,0.0,409.0,,409.0,,,409.0,0.0,0.0,0.0,0.0,0.0,0.0,0.0,0.0,0.0,409.0,0.0,0.5,0.0
2024-11-30,GROUP,new_originations_eur,2049226.0324,2049226.0324,0.0,2016875.0039,-32351.028500000015,2016875.0039,0.0,2016875.0039,2010986.6102,2016875.0039,2010986.55,,2016875.0039,0.0,0.0,-5888.393699999899,-0.06019999994896352,0.0,0.0,0.0,0.0,0.0,2010986.55,-38239.48239999986,0.1,0.0
2024-11-30,GROUP,portfolio_balance_eur,20174487.836202428,20174487.836202428,0.0,19820092.085772727,-354395.75042970106,19820092.085772727,0.0,19820092.085772727,,19820092.08577273,19820092.34,,19820092.08577273,3.725290298461914e-09,0.25422726944088936,0.0,0.0,0.0,0.0,0.0,0.0,0.0,19820092.34,-354395.4962024279,0.1,0.0
2024-11-30,PL,approval_rate,0.5038363171355499,0.5038363171355499,0.0,0.5038363171355499,0.0,0.5038363171355499,0.0,0.5038363171355499,,0.5038363171355499,0.5726744186046512,,0.5038363171355499,0.0,0.0,0.0,0.0,0.0,0.0,0.0688381014691013,0.0,0.0,0.5726744186046512,0.0688381014691013,1e-07,0.0
2024-11-30,PL,avg_balance_per_customer_eur,2915.2694383603935,2915.2694383603935,0.0,2915.2694383603935,0.0,2915.2694383603935,0.0,2915.2694383603935,,2915.2694383603944,3075.7527451695223,3075.752735915049,2915.2694383603944,9.094947017729282e-13,0.0,0.0,0.0,0.0,0.0,0.0,160.48329755465465,9.254473297914956e-06,3075.7527451695223,160.48330680912886,0.1,0.0
2024-11-30,PL,dpd30_rate,0.02950276481930646,0.02950276481930646,0.0,0.02950276481930646,0.0,0.03201988554336901,0.002517120724062547,0.03201988554336901,,0.032019885543369,0.0320198828042862,,0.032019885543369,-6.938893903907228e-18,0.0,0.0,0.0,-2.7390828008511114e-09,0.0,0.0,0.0,0.0,0.0320198828042862,0.0025171179849797394,1e-07,0.0
2024-11-30,PL,dpd90_rate,0.014519067862267728,0.014519067862267728,0.0,0.014519067862267728,0.0,0.014519067862267728,0.0,0.014519067862267728,,0.0145190678622677,0.0145190662792595,,0.0145190678622677,-2.7755575615628914e-17,0.0,0.0,0.0,0.0,-1.5830082002177281e-09,0.0,0.0,0.0,0.0145190662792595,-1.5830082279733038e-09,1e-07,0.0
2024-11-30,PL,new_accounts,176.0,176.0,0.0,176.0,0.0,176.0,0.0,176.0,,176.0,,,176.0,0.0,0.0,0.0,0.0,0.0,0.0,0.0,0.0,0.0,176.0,0.0,0.5,0.0
2024-11-30,PL,new_originations_eur,857842.2624,857842.2624,0.0,857842.2624,0.0,857842.2624,0.0,857842.2624,852689.3472,857842.2624,852689.37,,857842.2624,0.0,0.0,-5152.915200000047,0.022800000035203993,0.0,0.0,0.0,0.0,0.0,852689.37,-5152.892400000012,0.1,0.0
2024-11-30,PL,portfolio_balance_eur,8436789.754614979,8436789.754614979,0.0,8436789.754614979,0.0,8436789.754614979,0.0,8436789.754614979,,8436789.75461498,8436789.78,,8436789.75461498,1.862645149230957e-09,0.025385018438100815,0.0,0.0,0.0,0.0,0.0,0.0,0.0,8436789.78,0.025385020300745964,0.1,0.0
2024-11-30,RO,approval_rate,0.5,0.5,0.0,0.5,0.0,0.5,0.0,0.5,,0.5,0.5410628019323671,,0.5,0.0,0.0,0.0,0.0,0.0,0.0,0.04106280193236711,0.0,0.0,0.5410628019323671,0.04106280193236711,1e-07,0.0
2024-11-30,RO,avg_balance_per_customer_eur,3287.0591297613364,3287.0591297613364,0.0,3075.605818049105,-211.45331171223143,3075.605818049105,0.0,3075.605818049105,,3075.605818049105,3237.8865075376884,3237.8865270416454,3075.605818049105,0.0,0.0,0.0,0.0,0.0,0.0,0.0,162.28070899254044,-1.950395699168439e-05,3237.8865075376884,-49.17262222364798,0.1,0.0
2024-11-30,RO,dpd30_rate,0.021477656262951946,0.021477656262951946,0.0,0.021477656262951946,0.0,0.0185265186350264,-0.002951137627925548,0.0185265186350264,,0.0185265186350263,0.0185265226247256,,0.0185265186350263,-9.71445146547012e-17,0.0,0.0,0.0,3.989699300099847e-09,0.0,0.0,0.0,0.0,0.0185265226247256,-0.002951133638226345,1e-07,0.0
2024-11-30,RO,dpd90_rate,0.00874267769024677,0.00874267769024677,0.0,0.00874267769024677,0.0,0.00874267769024677,0.0,0.00874267769024677,,0.0087426776902467,0.0087426806724216,,0.0087426776902467,-6.938893903907228e-17,0.0,0.0,0.0,0.0,2.982174899385237e-09,0.0,0.0,0.0,0.0087426806724216,2.982174829996298e-09,1e-07,0.0
2024-11-30,RO,new_accounts,104.0,104.0,0.0,104.0,0.0,104.0,0.0,104.0,,104.0,,,104.0,0.0,0.0,0.0,0.0,0.0,0.0,0.0,0.0,0.0,104.0,0.0,0.5,0.0
2024-11-30,RO,new_originations_eur,502899.39999999997,502899.39999999997,0.0,470548.3715,-32351.028499999957,470548.3715,0.0,470548.3715,470810.819,470548.3715,470810.79,,470548.3715,0.0,0.0,262.4475000000093,-0.029000000038649887,0.0,0.0,0.0,0.0,0.0,470810.79,-32088.609999999986,0.1,0.0
2024-11-30,RO,portfolio_balance_eur,5509111.10148,5509111.10148,0.0,5154715.3510503,-354395.7504297001,5154715.3510503,0.0,5154715.3510503,,5154715.3510503,5154715.32,,5154715.3510503,0.0,-0.031050299294292927,0.0,0.0,0.0,0.0,0.0,0.0,0.0,5154715.32,-354395.7814799994,0.1,0.0
2024-12-31,CZ,approval_rate,0.5048231511254019,0.5048231511254019,0.0,0.5048231511254019,0.0,0.5048231511254019,0.0,0.5048231511254019,,0.5048231511254019,0.5607142857142857,,0.5048231511254019,0.0,0.0,0.0,0.0,0.0,0.0,0.05589113458888384,0.0,0.0,0.5607142857142857,0.05589113458888384,1e-07,0.0
2024-12-31,CZ,avg_balance_per_customer_eur,2875.123805859795,2875.123805859795,0.0,2875.123805859795,0.0,2875.123805859795,0.0,2875.123805859795,,2875.123805859795,3031.776928135275,3031.776864328436,2875.123805859795,0.0,0.0,0.0,0.0,0.0,0.0,0.0,156.65305846864112,6.38068386251689e-05,3031.776928135275,156.65312227547975,0.1,0.0
2024-12-31,CZ,dpd30_rate,0.031544861023787826,0.031544861023787826,0.0,0.031544861023787826,0.0,0.03320228325791232,0.0016574222341244962,0.03320228325791232,,0.0332022832579123,0.0332022832743785,,0.0332022832579123,-2.0816681711721685e-17,0.0,0.0,0.0,1.6466196461895066e-11,0.0,0.0,0.0,0.0,0.0332022832743785,0.0016574222505906719,1e-07,0.0
2024-12-31,CZ,dpd90_rate,0.018968733426181758,0.018968733426181758,0.0,0.018968733426181758,0.0,0.018968733426181758,0.0,0.018968733426181758,,0.0189687334261817,0.0189687328633315,,0.0189687334261817,-5.898059818321144e-17,0.0,0.0,0.0,0.0,-5.628502004750846e-10,0.0,0.0,0.0,0.0189687328633315,-5.628502594556828e-10,1e-07,0.0
2024-12-31,CZ,new_accounts,153.0,153.0,0.0,153.0,0.0,153.0,0.0,153.0,,153.0,,,153.0,0.0,0.0,0.0,0.0,0.0,0.0,0.0,0.0,0.0,153.0,0.0,0.5,0.0
2024-12-31,CZ,new_originations_eur,666592.944,666592.944,0.0,666592.944,0.0,666592.944,0.0,666592.944,667167.084,666592.944,667167.13,,666592.944,0.0,0.0,574.140000000014,0.045999999972991645,0.0,0.0,0.0,0.0,0.0,667167.13,574.185999999987,0.1,0.0
2024-12-31,CZ,portfolio_balance_eur,6454652.9441552395,6454652.9441552395,0.0,6454652.9441552395,0.0,6454652.9441552395,0.0,6454652.9441552395,,6454652.94415524,6454653.08,,6454652.94415524,9.313225746154785e-10,0.13584475964307785,0.0,0.0,0.0,0.0,0.0,0.0,0.0,6454653.08,0.13584476057440042,0.1,0.0
2024-12-31,GROUP,approval_rate,0.5217831813576495,0.5217831813576495,0.0,0.5217831813576495,0.0,0.5217831813576495,0.0,0.5217831813576495,,0.5217831813576495,0.5754189944134078,,0.5217831813576495,0.0,0.0,0.0,0.0,0.0,0.0,0.053635813055758375,0.0,0.0,0.5754189944134078,0.053635813055758375,1e-07,0.0
2024-12-31,GROUP,avg_balance_per_customer_eur,2976.8374111067137,2976.8374111067137,0.0,2927.0414747535556,-49.79593635315814,2927.0414747535556,0.0,2927.0414747535556,,2927.041474753556,3084.929861421547,3084.929869010863,2927.041474753556,4.547473508864641e-13,0.0,0.0,0.0,0.0,0.0,0.0,157.88839425730703,-7.589316282974323e-06,3084.929861421547,108.09245031483306,0.1,0.0
2024-12-31,GROUP,dpd30_rate,0.02733786641060957,0.02733786641060957,0.0,0.027499530971709523,0.00016166456109995356,0.02823249893406642,0.0007329679623568966,0.02823249893406642,,0.0282324989340664,0.0282325000193329,,0.0282324989340664,-2.0816681711721685e-17,0.0,0.0,0.0,1.0852665016658491e-09,0.0,0.0,0.0,0.0,0.0282325000193329,0.000894633608723331,1e-07,0.0
2024-12-31,GROUP,dpd90_rate,0.014707833531050018,0.014707833531050018,0.0,0.014695580436420701,-1.22530946293168e-05,0.014695580436420701,0.0,0.014695580436420701,,0.0146955804364206,0.014695581057443,,0.0146955804364206,-1.0061396160665481e-16,0.0,0.0,0.0,0.0,6.210223984365326e-10,0.0,0.0,0.0,0.014695581057443,-1.2252473607018977e-05,1e-07,0.0
2024-12-31,GROUP,new_accounts,488.0,488.0,0.0,488.0,0.0,488.0,0.0,488.0,,488.0,,,488.0,0.0,0.0,0.0,0.0,0.0,0.0,0.0,0.0,0.0,488.0,0.0,0.5,0.0
2024-12-31,GROUP,new_originations_eur,2317410.7010000004,2317410.7010000004,0.0,2281549.5330000003,-35861.16800000006,2281549.5330000003,0.0,2281549.5330000003,2279625.7896,2281549.533,2279625.78,,2281549.533,-4.656612873077393e-10,0.0,-1923.7434000000358,-0.009599999990314245,0.0,0.0,0.0,0.0,0.0,2279625.78,-37784.921000000555,0.1,0.0
2024-12-31,GROUP,portfolio_balance_eur,21055171.008757785,21055171.008757785,0.0,20702964.350931898,-352206.6578258872,20702964.350931898,0.0,20702964.350931898,,20702964.3509319,20702964.3,,20702964.3509319,3.725290298461914e-09,-0.0509319007396698,0.0,0.0,0.0,0.0,0.0,0.0,0.0,20702964.3,-352206.7087577842,0.1,0.0
2024-12-31,PL,approval_rate,0.5170731707317073,0.5170731707317073,0.0,0.5170731707317073,0.0,0.5170731707317073,0.0,0.5170731707317073,,0.5170731707317073,0.572972972972973,,0.5170731707317073,0.0,0.0,0.0,0.0,0.0,0.0,0.05589980224126567,0.0,0.0,0.572972972972973,0.05589980224126567,1e-07,0.0
2024-12-31,PL,avg_balance_per_customer_eur,2907.9054668871763,2907.9054668871763,0.0,2907.9054668871763,0.0,2907.9054668871763,0.0,2907.9054668871763,,2907.9054668871768,3066.6098100172712,3066.609806703472,2907.9054668871768,4.547473508864641e-13,0.0,0.0,0.0,0.0,0.0,0.0,158.70433981629503,3.313799425086472e-06,3066.6098100172712,158.7043431300949,0.1,0.0
2024-12-31,PL,dpd30_rate,0.03040467195612634,0.03040467195612634,0.0,0.03040467195612634,0.0,0.027744878902087895,-0.0026597930540384444,0.027744878902087895,,0.0277448789020878,0.0277448802441189,,0.0277448789020878,-9.367506770274758e-17,0.0,0.0,0.0,1.3420311008316421e-09,0.0,0.0,0.0,0.0,0.0277448802441189,-0.0026597917120074373,1e-07,0.0
2024-12-31,PL,dpd90_rate,0.011145662453183727,0.011145662453183727,0.0,0.011145662453183727,0.0,0.011145662453183727,0.0,0.011145662453183727,,0.0111456624531837,0.0111456628267741,,0.0111456624531837,-2.7755575615628914e-17,0.0,0.0,0.0,0.0,3.735903999352308e-10,0.0,0.0,0.0,0.0111456628267741,3.735903721796552e-10,1e-07,0.0
2024-12-31,PL,new_accounts,206.0,206.0,0.0,206.0,0.0,206.0,0.0,206.0,,206.0,,,206.0,0.0,0.0,0.0,0.0,0.0,0.0,0.0,0.0,0.0,206.0,0.0,0.5,0.0
2024-12-31,PL,new_originations_eur,1068142.557,1068142.557,0.0,1068142.557,0.0,1068142.557,0.0,1068142.557,1065276.8816,1068142.557,1065276.85,,1068142.557,0.0,0.0,-2865.6754000000656,-0.031599999871104956,0.0,0.0,0.0,0.0,0.0,1065276.85,-2865.7069999999367,0.1,0.0
2024-12-31,PL,portfolio_balance_eur,8877835.390406549,8877835.390406549,0.0,8877835.390406549,0.0,8877835.390406549,0.0,8877835.390406549,,8877835.39040655,8877835.4,,8877835.39040655,1.862645149230957e-09,0.009593449532985687,0.0,0.0,0.0,0.0,0.0,0.0,0.0,8877835.4,0.009593451395630836,0.1,0.0
2024-12-31,RO,approval_rate,0.5488721804511278,0.5488721804511278,0.0,0.5488721804511278,0.0,0.5488721804511278,0.0,0.5488721804511278,,0.5488721804511278,0.5959183673469388,,0.5488721804511278,0.0,0.0,0.0,0.0,0.0,0.0,0.04704618689581097,0.0,0.0,0.5959183673469388,0.04704618689581097,1e-07,0.0
2024-12-31,RO,avg_balance_per_customer_eur,3224.046577011831,3224.046577011831,0.0,3025.6202909127383,-198.42628609909252,3025.6202909127383,0.0,3025.6202909127383,,3025.6202909127383,3183.4474333135745,3183.4475497155368,3025.6202909127383,0.0,0.0,0.0,0.0,0.0,0.0,0.0,157.8272588027985,-0.00011640196225926047,3183.4474333135745,-40.599143698256285,0.1,0.0
2024-12-31,RO,dpd30_rate,0.017835105543107795,0.017835105543107795,0.0,0.017835105543107795,0.0,0.023065503949604313,0.005230398406496518,0.023065503949604313,,0.0230655039496043,0.0230655055812168,,0.0230655039496043,-1.3877787807814457e-17,0.0,0.0,0.0,1.631612501357127e-09,0.0,0.0,0.0,0.0,0.0230655055812168,0.005230400038109005,1e-07,0.0
2024-12-31,RO,dpd90_rate,0.015428079374400081,0.015428079374400081,0.0,0.015428079374400081,0.0,0.015428079374400081,0.0,0.015428079374400081,,0.0154280793744,0.0154280817523539,,0.0154280793744,-8.153200337090993e-17,0.0,0.0,0.0,0.0,2.377953899762586e-09,0.0,0.0,0.0,0.0154280817523539,2.3779538182305826e-09,1e-07,0.0
2024-12-31,RO,new_accounts,129.0,129.0,0.0,129.0,0.0,129.0,0.0,129.0,,129.0,,,129.0,0.0,0.0,0.0,0.0,0.0,0.0,0.0,0.0,0.0,129.0,0.0,0.5,0.0
2024-12-31,RO,new_originations_eur,582675.2,582675.2,0.0,546814.032,-35861.16799999995,546814.032,0.0,546814.032,547181.824,546814.032,547181.8,,546814.032,0.0,0.0,367.79200000001583,-0.023999999975785613,0.0,0.0,0.0,0.0,0.0,547181.8,-35493.39999999991,0.1,0.0
2024-12-31,RO,portfolio_balance_eur,5722682.674195999,5722682.674195999,0.0,5370476.01637011,-352206.65782588907,5370476.01637011,0.0,5370476.01637011,,5370476.01637011,5370475.82,,5370476.01637011,0.0,-0.19637010991573334,0.0,0.0,0.0,0.0,0.0,0.0,0.0,5370475.82,-352206.854195999,0.1,0.0
2025-01-31,CZ,approval_rate,0.5155555555555555,0.5155555555555555,0.0,0.5155555555555555,0.0,0.5155555555555555,0.0,0.5155555555555555,,0.5155555555555555,0.5829145728643216,,0.5155555555555555,0.0,0.0,0.0,0.0,0.0,0.0,0.06735901730876603,0.0,0.0,0.5829145728643216,0.06735901730876603,1e-07,0.0
2025-01-31,CZ,avg_balance_per_customer_eur,2827.9530015840664,2827.9530015840664,0.0,2827.9530015840664,0.0,2827.9530015840664,0.0,2827.9530015840664,,2827.9530015840664,2987.709863325741,2987.7097998512304,2827.9530015840664,0.0,0.0,0.0,0.0,0.0,0.0,0.0,159.75679826716396,6.347451062538312e-05,2987.709863325741,159.75686174167458,0.1,0.0
2025-01-31,CZ,dpd30_rate,0.032887220562382885,0.032887220562382885,0.0,0.032887220562382885,0.0,0.03832414365658663,0.005436923094203745,0.03832414365658663,,0.0383241436565866,0.0383241449826233,,0.0383241436565866,-2.7755575615628914e-17,0.0,0.0,0.0,1.3260366971135085e-09,0.0,0.0,0.0,0.0,0.0383241449826233,0.005436924420240415,1e-07,0.0
2025-01-31,CZ,dpd90_rate,0.01698947835536924,0.01698947835536924,0.0,0.01698947835536924,0.0,0.01698947835536924,0.0,0.01698947835536924,,0.0169894783553692,0.0169894795202118,,0.0169894783553692,-3.8163916471489756e-17,0.0,0.0,0.0,0.0,1.1648425973787013e-09,0.0,0.0,0.0,0.0169894795202118,1.1648425592147849e-09,1e-07,0.0
2025-01-31,CZ,new_accounts,111.0,111.0,0.0,111.0,0.0,111.0,0.0,111.0,,111.0,,,111.0,0.0,0.0,0.0,0.0,0.0,0.0,0.0,0.0,0.0,111.0,0.0,0.5,0.0
2025-01-31,CZ,new_originations_eur,508488.43,508488.43,0.0,508488.43,0.0,508488.43,0.0,508488.43,505939.46,508488.43,505939.46,,508488.43,0.0,0.0,-2548.969999999972,0.0,0.0,0.0,0.0,0.0,0.0,505939.46,-2548.969999999972,0.1,0.0
2025-01-31,CZ,portfolio_balance_eur,6558023.01067345,6558023.01067345,0.0,6558023.01067345,0.0,6558023.01067345,0.0,6558023.01067345,,6558023.01067345,6558023.15,,6558023.01067345,0.0,0.1393265500664711,0.0,0.0,0.0,0.0,0.0,0.0,0.0,6558023.15,0.1393265500664711,0.1,0.0
2025-01-31,GROUP,approval_rate,0.5133614627285513,0.5133614627285513,0.0,0.5133614627285513,0.0,0.5133614627285513,0.0,0.5133614627285513,,0.5133614627285513,0.5757097791798107,,0.5133614627285513,0.0,0.0,0.0,0.0,0.0,0.0,0.06234831645125938,0.0,0.0,0.5757097791798107,0.06234831645125938,1e-07,0.0
2025-01-31,GROUP,avg_balance_per_customer_eur,2914.954676622218,2914.954676622218,0.0,2869.8671458957924,-45.087530726425484,2869.8671458957924,0.0,2869.8671458957924,,2869.8671458957924,3023.130598819634,3023.1305273737453,2869.8671458957924,0.0,0.0,0.0,0.0,0.0,0.0,0.0,153.26338147795286,7.144588880692027e-05,3023.130598819634,108.17592219741618,0.1,0.0
2025-01-31,GROUP,dpd30_rate,0.027847104552513317,0.027847104552513317,0.0,0.027927459408467078,8.035485595376049e-05,0.030139496542703172,0.0022120371342360945,0.030139496542703172,,0.0301394965427031,0.0301394979233257,,0.0301394965427031,-7.28583859910259e-17,0.0,0.0,0.0,1.3806225988843845e-09,0.0,0.0,0.0,0.0,0.0301394979233257,0.002292393370812381,1e-07,0.0
2025-01-31,GROUP,dpd90_rate,0.014502758061316602,0.014502758061316602,0.0,0.014491327178911934,-1.1430882404668205e-05,0.014491327178911934,0.0,0.014491327178911934,,0.0144913271789119,0.0144913287963968,,0.0144913271789119,-3.469446951953614e-17,0.0,0.0,0.0,0.0,1.6174849012257075e-09,0.0,0.0,0.0,0.0144913287963968,-1.1429264919801674e-05,1e-07,0.0
2025-01-31,GROUP,new_accounts,355.0,355.0,0.0,355.0,0.0,355.0,0.0,355.0,,355.0,,,355.0,0.0,0.0,0.0,0.0,0.0,0.0,0.0,0.0,0.0,355.0,0.0,0.5,0.0
2025-01-31,GROUP,new_originations_eur,1637471.3854,1637471.3854,0.0,1612453.6948,-25017.69060000009,1612453.6948,0.0,1612453.6948,1611124.6974,1612453.6948,1611124.68,,1612453.6948,0.0,0.0,-1328.997399999993,-0.0174000000115484,0.0,0.0,0.0,0.0,0.0,1611124.68,-26346.705400000094,0.1,0.0
2025-01-31,GROUP,portfolio_balance_eur,21331638.32352139,21331638.32352139,0.0,21001687.77366541,-329950.549855981,21001687.77366541,0.0,21001687.77366541,,21001687.77366541,21001688.27,,21001687.77366541,0.0,0.49633459001779556,0.0,0.0,0.0,0.0,0.0,0.0,0.0,21001688.27,-329950.053521391,0.1,0.0
2025-01-31,PL,approval_rate,0.5139318885448917,0.5139318885448917,0.0,0.5139318885448917,0.0,0.5139318885448917,0.0,0.5139318885448917,,0.5139318885448917,0.5824561403508772,,0.5139318885448917,0.0,0.0,0.0,0.0,0.0,0.0,0.06852425180598554,0.0,0.0,0.5824561403508772,0.06852425180598554,1e-07,0.0
2025-01-31,PL,avg_balance_per_customer_eur,2830.519543174223,2830.519543174223,0.0,2830.519543174223,0.0,2830.519543174223,0.0,2830.519543174223,,2830.519543174223,2978.108983726337,2978.1089049405314,2830.519543174223,0.0,0.0,0.0,0.0,0.0,0.0,0.0,147.58936176630823,7.878580572651117e-05,2978.108983726337,147.58944055211396,0.1,0.0
2025-01-31,PL,dpd30_rate,0.027472989111357433,0.027472989111357433,0.0,0.027472989111357433,0.0,0.02356916615370907,-0.0039038229576483646,0.02356916615370907,,0.023569166153709,0.0235691691219003,,0.023569166153709,-6.938893903907228e-17,0.0,0.0,0.0,2.968191300384282e-09,0.0,0.0,0.0,0.0,0.0235691691219003,-0.0039038199894571336,1e-07,0.0
2025-01-31,PL,dpd90_rate,0.012212970047232163,0.012212970047232163,0.0,0.012212970047232163,0.0,0.012212970047232163,0.0,0.012212970047232163,,0.0122129700472321,0.0122129728841737,,0.0122129700472321,-6.245004513516506e-17,0.0,0.0,0.0,0.0,2.8369416000401104e-09,0.0,0.0,0.0,0.0122129728841737,2.8369415375900653e-09,1e-07,0.0
2025-01-31,PL,new_accounts,159.0,159.0,0.0,159.0,0.0,159.0,0.0,159.0,,159.0,,,159.0,0.0,0.0,0.0,0.0,0.0,0.0,0.0,0.0,0.0,159.0,0.0,0.5,0.0
2025-01-31,PL,new_originations_eur,688717.1154,688717.1154,0.0,688717.1154,0.0,688717.1154,0.0,688717.1154,690190.9192,688717.1154,690190.88,,688717.1154,0.0,0.0,1473.8037999999942,-0.03919999999925494,0.0,0.0,0.0,0.0,0.0,690190.88,1473.764599999995,0.1,0.0
2025-01-31,PL,portfolio_balance_eur,8967085.91277594,8967085.91277594,0.0,8967085.91277594,0.0,8967085.91277594,0.0,8967085.91277594,,8967085.91277594,8967086.15,,8967085.91277594,0.0,0.2372240610420704,0.0,0.0,0.0,0.0,0.0,0.0,0.0,8967086.15,0.2372240610420704,0.1,0.0
2025-01-31,RO,approval_rate,0.50920245398773,0.50920245398773,0.0,0.50920245398773,0.0,0.50920245398773,0.0,0.50920245398773,,0.50920245398773,0.5533333333333333,,0.50920245398773,0.0,0.0,0.0,0.0,0.0,0.0,0.044130879345603335,0.0,0.0,0.5533333333333333,0.044130879345603335,1e-07,0.0
2025-01-31,RO,avg_balance_per_customer_eur,3171.233970547242,3171.233970547242,0.0,2991.0315948749426,-180.20237567229924,2991.0315948749426,0.0,2991.0315948749426,,2991.0315948749426,3145.6513325674896,3145.6512637656638,2991.0315948749426,0.0,0.0,0.0,0.0,0.0,0.0,0.0,154.6196688907212,6.880182581880945e-05,3145.6513325674896,-25.582637979752235,0.1,0.0
2025-01-31,RO,dpd30_rate,0.022732436319424003,0.022732436319424003,0.0,0.022732436319424003,0.0,0.031096592771882123,0.00836415645245812,0.031096592771882123,,0.0310965927718821,0.0310965916739077,,0.0310965927718821,-2.42861286636753e-17,0.0,0.0,0.0,-1.0979743989003588e-09,0.0,0.0,0.0,0.0,0.0310965916739077,0.008364155354483697,1e-07,0.0
2025-01-31,RO,dpd90_rate,0.015230345341729158,0.015230345341729158,0.0,0.015230345341729158,0.0,0.015230345341729158,0.0,0.015230345341729158,,0.0152303453417291,0.0152303455235303,,0.0152303453417291,-5.898059818321144e-17,0.0,0.0,0.0,0.0,1.8180120082977869e-10,0.0,0.0,0.0,0.0152303455235303,1.818011418491805e-10,1e-07,0.0
2025-01-31,RO,new_accounts,85.0,85.0,0.0,85.0,0.0,85.0,0.0,85.0,,85.0,,,85.0,0.0,0.0,0.0,0.0,0.0,0.0,0.0,0.0,0.0,85.0,0.0,0.5,0.0
2025-01-31,RO,new_originations_eur,440265.83999999997,440265.83999999997,0.0,415248.1494,-25017.690599999973,415248.1494,0.0,415248.1494,414994.3182,415248.1494,414994.34,,415248.1494,0.0,0.0,-253.8312000000151,0.021800000045914203,0.0,0.0,0.0,0.0,0.0,414994.34,-25271.49999999994,0.1,0.0
2025-01-31,RO,portfolio_balance_eur,5806529.400072,5806529.400072,0.0,5476578.85021602,-329950.5498559801,5476578.85021602,0.0,5476578.85021602,,5476578.85021602,5476578.97,,5476578.85021602,0.0,0.11978397984057665,0.0,0.0,0.0,0.0,0.0,0.0,0.0,5476578.97,-329950.43007200025,0.1,0.0
2025-02-28,CZ,approval_rate,0.4605809128630705,0.4605809128630705,0.0,0.4605809128630705,0.0,0.4605809128630705,0.0,0.4605809128630705,,0.4605809128630705,0.4977578475336323,,0.4605809128630705,0.0,0.0,0.0,0.0,0.0,0.0,0.03717693467056177,0.0,0.0,0.4977578475336323,0.03717693467056177,1e-07,0.0
2025-02-28,CZ,avg_balance_per_customer_eur,2754.0024649285715,2754.0024649285715,0.0,2754.0024649285715,0.0,2754.0024649285715,0.0,2754.0024649285715,,2754.0024649285715,2896.387887759611,2896.387921577552,2754.0024649285715,0.0,0.0,0.0,0.0,0.0,0.0,0.0,142.38545664898038,-3.381794067536248e-05,2896.387887759611,142.3854228310397,0.1,0.0
2025-02-28,CZ,dpd30_rate,0.03843085380627311,0.03843085380627311,0.0,0.03843085380627311,0.0,0.031689247853842355,-0.006741605952430757,0.031689247853842355,,0.0316892478538423,0.0316892474993221,,0.0316892478538423,-5.551115123125783e-17,0.0,0.0,0.0,-3.545201979204826e-10,0.0,0.0,0.0,0.0,0.0316892474993221,-0.00674160630695101,1e-07,0.0
2025-02-28,CZ,dpd90_rate,0.014554932399700118,0.014554932399700118,0.0,0.014554932399700118,0.0,0.014554932399700118,0.0,0.014554932399700118,,0.0145549323997001,0.0145549324324193,,0.0145549323997001,-1.734723475976807e-17,0.0,0.0,0.0,0.0,3.2719198878039535e-11,0.0,0.0,0.0,0.0145549324324193,3.2719181530804775e-11,1e-07,0.0
2025-02-28,CZ,new_accounts,98.0,98.0,0.0,98.0,0.0,98.0,0.0,98.0,,98.0,,,98.0,0.0,0.0,0.0,0.0,0.0,0.0,0.0,0.0,0.0,98.0,0.0,0.5,0.0
2025-02-28,CZ,new_originations_eur,429748.695,429748.695,0.0,429748.695,0.0,429748.695,0.0,429748.695,430272.945,429748.695,430272.95,,429748.695,0.0,0.0,524.25,0.005000000004656613,0.0,0.0,0.0,0.0,0.0,430272.95,524.2550000000047,0.1,0.0
2025-02-28,CZ,portfolio_balance_eur,6554525.86653,6554525.86653,0.0,6554525.86653,0.0,6554525.86653,0.0,6554525.86653,,6554525.86653,6554525.79,,6554525.86653,0.0,-0.07653000019490719,0.0,0.0,0.0,0.0,0.0,0.0,0.0,6554525.79,-0.07653000019490719,0.1,0.0
2025-02-28,GROUP,approval_rate,0.4826254826254826,0.4826254826254826,0.0,0.4826254826254826,0.0,0.4826254826254826,0.0,0.4826254826254826,,0.4826254826254826,0.5289139633286318,,0.4826254826254826,0.0,0.0,0.0,0.0,0.0,0.0,0.046288480703149226,0.0,0.0,0.5289139633286318,0.046288480703149226,1e-07,0.0
2025-02-28,GROUP,avg_balance_per_customer_eur,2853.4771839833516,2853.4771839833516,0.0,2811.57283427709,-41.904349706261655,2811.57283427709,0.0,2811.57283427709,,2811.57283427709,2956.058070101941,2956.0580741896674,2811.57283427709,0.0,0.0,0.0,0.0,0.0,0.0,0.0,144.48523991257753,-4.08772621085518e-06,2956.058070101941,102.58088611858966,0.1,0.0
2025-02-28,GROUP,dpd30_rate,0.02995912707800299,0.02995912707800299,0.0,0.02994315777686985,-1.596930113314035e-05,0.027766277139340694,-0.002176880637529157,0.027766277139340694,,0.0277662771393406,0.0277662753230913,,0.0277662771393406,-9.367506770274758e-17,0.0,0.0,0.0,-1.8162493002626956e-09,0.0,0.0,0.0,0.0,0.0277662753230913,-0.0021928517549116913,1e-07,0.0
2025-02-28,GROUP,dpd90_rate,0.013038914426301418,0.013038914426301418,0.0,0.01302975341272193,-9.161013579488814e-06,0.01302975341272193,0.0,0.01302975341272193,,0.0130297534127219,0.013029751804949,,0.0130297534127219,-2.949029909160572e-17,0.0,0.0,0.0,0.0,-1.6077728991897855e-09,0.0,0.0,0.0,0.013029751804949,-9.162621352417494e-06,1e-07,0.0
2025-02-28,GROUP,new_accounts,318.0,318.0,0.0,318.0,0.0,318.0,0.0,318.0,,318.0,,,318.0,0.0,0.0,0.0,0.0,0.0,0.0,0.0,0.0,0.0,318.0,0.0,0.5,0.0
2025-02-28,GROUP,new_originations_eur,1516311.2580000001,1516311.2580000001,0.0,1495022.3445000001,-21288.913500000024,1495022.3445000001,0.0,1495022.3445000001,1493132.0234,1495022.3445,1493132.06,,1495022.3445,-2.3283064365386963e-10,0.0,-1890.3210999998264,0.03659999999217689,0.0,0.0,0.0,0.0,0.0,1493132.06,-23179.19800000009,0.1,0.0
2025-02-28,GROUP,portfolio_balance_eur,21483829.718210652,21483829.718210652,0.0,21168331.86927221,-315497.84893844277,21168331.86927221,0.0,21168331.86927221,,21168331.86927221,21168331.84,,21168331.86927221,0.0,-0.029272209852933884,0.0,0.0,0.0,0.0,0.0,0.0,0.0,21168331.84,-315497.8782106526,0.1,0.0
2025-02-28,PL,approval_rate,0.501577287066246,0.501577287066246,0.0,0.501577287066246,0.0,0.501577287066246,0.0,0.501577287066246,,0.501577287066246,0.5501730103806228,,0.501577287066246,0.0,0.0,0.0,0.0,0.0,0.0,0.04859572331437678,0.0,0.0,0.5501730103806228,0.04859572331437678,1e-07,0.0
2025-02-28,PL,avg_balance_per_customer_eur,2789.4743928624157,2789.4743928624157,0.0,2789.4743928624157,0.0,2789.4743928624157,0.0,2789.4743928624157,,2789.474392862416,2932.2250595429678,2932.2250940098647,2789.474392862416,4.547473508864641e-13,0.0,0.0,0.0,0.0,0.0,0.0,142.75070114744858,-3.4466896977392025e-05,2932.2250595429678,142.75066668055206,0.1,0.0
2025-02-28,PL,dpd30_rate,0.023179765706045827,0.023179765706045827,0.0,0.023179765706045827,0.0,0.02566639627493776,0.0024866305688919337,0.02566639627493776,,0.0256663962749377,0.0256663925842672,,0.0256663962749377,-6.245004513516506e-17,0.0,0.0,0.0,-3.690670498379678e-09,0.0,0.0,0.0,0.0,0.0256663925842672,0.002486626878221373,1e-07,0.0
2025-02-28,PL,dpd90_rate,0.011555624161865103,0.011555624161865103,0.0,0.011555624161865103,0.0,0.011555624161865103,0.0,0.011555624161865103,,0.0115556241618651,0.0115556211819734,,0.0115556241618651,-3.469446951953614e-18,0.0,0.0,0.0,0.0,-2.9798916997142433e-09,0.0,0.0,0.0,0.0115556211819734,-2.9798917031836902e-09,1e-07,0.0
2025-02-28,PL,new_accounts,141.0,141.0,0.0,141.0,0.0,141.0,0.0,141.0,,141.0,,,141.0,0.0,0.0,0.0,0.0,0.0,0.0,0.0,0.0,0.0,141.0,0.0,0.5,0.0
2025-02-28,PL,new_originations_eur,693920.763,693920.763,0.0,693920.763,0.0,693920.763,0.0,693920.763,692132.6234,693920.763,692132.61,,693920.763,0.0,0.0,-1788.139599999995,-0.013400000054389238,0.0,0.0,0.0,0.0,0.0,692132.61,-1788.1530000000494,0.1,0.0
2025-02-28,PL,portfolio_balance_eur,9110423.36708865,9110423.36708865,0.0,9110423.36708865,0.0,9110423.36708865,0.0,9110423.36708865,,9110423.36708865,9110423.26,,9110423.36708865,0.0,-0.10708864964544773,0.0,0.0,0.0,0.0,0.0,0.0,0.0,9110423.26,-0.10708864964544773,0.1,0.0
2025-02-28,RO,approval_rate,0.4794520547945205,0.4794520547945205,0.0,0.4794520547945205,0.0,0.4794520547945205,0.0,0.4794520547945205,,0.4794520547945205,0.5329949238578681,,0.4794520547945205,0.0,0.0,0.0,0.0,0.0,0.0,0.05354286906334754,0.0,0.0,0.5329949238578681,0.05354286906334754,1e-07,0.0
2025-02-28,RO,avg_balance_per_customer_eur,3090.217995003718,3090.217995003718,0.0,2922.667358286543,-167.55063671717517,2922.667358286543,0.0,2922.667358286543,,2922.667358286543,3072.798877721943,3072.7987915430263,2922.667358286543,0.0,0.0,0.0,0.0,0.0,0.0,0.0,150.13143325648343,8.617891671747202e-05,3072.798877721943,-17.419117281775016,0.1,0.0
2025-02-28,RO,dpd30_rate,0.03103058752454519,0.03103058752454519,0.0,0.03103058752454519,0.0,0.026570211053723102,-0.004460376470822088,0.026570211053723102,,0.0265702110537231,0.0265702106467502,,0.0265702110537231,-3.469446951953614e-18,0.0,0.0,0.0,-4.0697289982460916e-10,0.0,0.0,0.0,0.0,0.0265702106467502,-0.0044603768777949915,1e-07,0.0
2025-02-28,RO,dpd90_rate,0.0136535727397004,0.0136535727397004,0.0,0.0136535727397004,0.0,0.0136535727397004,0.0,0.0136535727397004,,0.0136535727397004,0.0136535714245673,,0.0136535727397004,0.0,0.0,0.0,0.0,0.0,-1.3151331013788736e-09,0.0,0.0,0.0,0.0136535714245673,-1.3151331013788736e-09,1e-07,0.0
2025-02-28,RO,new_accounts,79.0,79.0,0.0,79.0,0.0,79.0,0.0,79.0,,79.0,,,79.0,0.0,0.0,0.0,0.0,0.0,0.0,0.0,0.0,0.0,79.0,0.0,0.5,0.0
2025-02-28,RO,new_originations_eur,392641.8,392641.8,0.0,371352.88649999996,-21288.913500000024,371352.88649999996,0.0,371352.88649999996,370726.455,371352.8865,370726.5,,371352.8865,5.820766091346741e-11,0.0,-626.431500000006,0.044999999983701855,0.0,0.0,0.0,0.0,0.0,370726.5,-21915.29999999999,0.1,0.0
2025-02-28,RO,portfolio_balance_eur,5818880.484592001,5818880.484592001,0.0,5503382.63565356,-315497.8489384409,5503382.63565356,0.0,5503382.63565356,,5503382.63565356,5503382.79,,5503382.63565356,0.0,0.15434643998742104,0.0,0.0,0.0,0.0,0.0,0.0,0.0,5503382.79,-315497.6945920009,0.1,0.0
2025-03-31,CZ,approval_rate,0.4924812030075188,0.4924812030075188,0.0,0.4924812030075188,0.0,0.4924812030075188,0.0,0.4924812030075188,,0.4924812030075188,0.5481171548117155,,0.4924812030075188,0.0,0.0,0.0,0.0,0.0,0.0,0.055635951804196726,0.0,0.0,0.5481171548117155,0.055635951804196726,1e-07,0.0
2025-03-31,CZ,avg_balance_per_customer_eur,2802.108683572971,2780.345934185216,-21.76274938775532,2780.345934185216,0.0,2780.345934185216,0.0,2780.345934185216,,2780.3459341852163,2916.0306207191784,2916.0306244665157,2780.3459341852163,4.547473508864641e-13,0.0,0.0,0.0,0.0,0.0,0.0,135.68469028129948,-3.7473373595275916e-06,2916.0306207191784,113.92193714620726,0.1,0.0
2025-03-31,CZ,dpd30_rate,0.030606735177959178,0.030606735177959178,0.0,0.030606735177959178,0.0,0.028467990724783218,-0.00213874445317596,0.028467990724783218,,0.0284679907247832,0.0284679933228041,,0.0284679907247832,-1.734723475976807e-17,0.0,0.0,0.0,2.598020899108322e-09,0.0,0.0,0.0,0.0,0.0284679933228041,-0.0021387418551550783,1e-07,0.0
2025-03-31,CZ,dpd90_rate,0.010860912172801666,0.010860912172801666,0.0,0.010860912172801666,0.0,0.010860912172801666,0.0,0.010860912172801666,,0.0108609121728016,0.0108609139699872,,0.0108609121728016,-6.591949208711867e-17,0.0,0.0,0.0,0.0,1.7971855999915354e-09,0.0,0.0,0.0,0.0108609139699872,1.7971855340720433e-09,1e-07,0.0
2025-03-31,CZ,new_accounts,126.0,126.0,0.0,126.0,0.0,126.0,0.0,126.0,,126.0,,,126.0,0.0,0.0,0.0,0.0,0.0,0.0,0.0,0.0,0.0,126.0,0.0,0.5,0.0
2025-03-31,CZ,new_originations_eur,689728.865,689728.865,0.0,689728.865,0.0,689728.865,0.0,689728.865,686325.57,689728.865,686325.57,,689728.865,0.0,0.0,-3403.295000000042,0.0,0.0,0.0,0.0,0.0,0.0,686325.57,-3403.295000000042,0.1,0.0
2025-03-31,CZ,portfolio_balance_eur,6865166.274753779,6811847.538753779,-53318.7360000005,6811847.538753779,0.0,6811847.538753779,0.0,6811847.538753779,,6811847.53875378,6811847.53,,6811847.53875378,9.313225746154785e-10,-0.008753779344260693,0.0,0.0,0.0,0.0,0.0,0.0,0.0,6811847.53,-53318.74475377891,0.1,0.0
2025-03-31,GROUP,approval_rate,0.511377245508982,0.511377245508982,0.0,0.511377245508982,0.0,0.511377245508982,0.0,0.511377245508982,,0.511377245508982,0.5731543624161074,,0.511377245508982,0.0,0.0,0.0,0.0,0.0,0.0,0.061777116907125396,0.0,0.0,0.5731543624161074,0.061777116907125396,1e-07,0.0
2025-03-31,GROUP,avg_balance_per_customer_eur,2880.468050559377,2854.6353118451457,-25.832738714231255,2814.5505272180108,-40.08478462713492,2814.5505272180108,0.0,2814.5505272180108,,2814.550527218011,2957.2323419172176,2957.2323390332967,2814.550527218011,4.547473508864641e-13,0.0,0.0,0.0,0.0,0.0,0.0,142.68181181528553,2.883920842577936e-06,2957.2323419172176,76.76429135784065,0.1,0.0
2025-03-31,GROUP,dpd30_rate,0.026793921708029095,0.02679601727273334,2.0955647042457393e-06,0.026813324638051517,1.7307365318176143e-05,0.026519758134703128,-0.0002935665033483893,0.026519758134703128,,0.0265197581347031,0.0265197596737703,,0.0265197581347031,-2.7755575615628914e-17,0.0,0.0,0.0,1.539067200073685e-09,0.0,0.0,0.0,0.0,0.0265197596737703,-0.0002741620342587951,1e-07,0.0
2025-03-31,GROUP,dpd90_rate,0.01037584904767195,0.010375730698513184,-1.1834915876474117e-07,0.010421528841491196,4.579814297801105e-05,0.010421528841491196,0.0,0.010421528841491196,,0.0104215288414911,0.0104215288939537,,0.0104215288414911,-9.540979117872439e-17,0.0,0.0,0.0,0.0,5.2462600236280466e-11,0.0,0.0,0.0,0.0104215288939537,4.567984628175113e-05,1e-07,0.0
2025-03-31,GROUP,new_accounts,405.0,405.0,0.0,405.0,0.0,405.0,0.0,405.0,,405.0,,,405.0,0.0,0.0,0.0,0.0,0.0,0.0,0.0,0.0,0.0,405.0,0.0,0.5,0.0
2025-03-31,GROUP,new_originations_eur,2126627.5158,2126627.5158,0.0,2094801.3763000001,-31826.13950000005,2094801.3763000001,0.0,2094801.3763000001,2094608.2937,2094801.3763,2094608.23,,2094801.3763,-2.3283064365386963e-10,0.0,-193.08259999984875,-0.06370000005699694,0.0,0.0,0.0,0.0,0.0,2094608.23,-32019.285800000187,0.1,0.0
2025-03-31,GROUP,portfolio_balance_eur,22447487.518009223,22246172.98520922,-201314.5328000039,21933792.258609958,-312380.72659926116,21933792.258609958,0.0,21933792.258609958,,21933792.25860996,21933792.28,,21933792.25860996,3.725290298461914e-09,0.02139003947377205,0.0,0.0,0.0,0.0,0.0,0.0,0.0,21933792.28,-513695.23800922185,0.1,0.0
2025-03-31,PL,approval_rate,0.5112994350282486,0.5112994350282486,0.0,0.5112994350282486,0.0,0.5112994350282486,0.0,0.5112994350282486,,0.5112994350282486,0.5746031746031746,,0.5112994350282486,0.0,0.0,0.0,0.0,0.0,0.0,0.06330373957492597,0.0,0.0,0.5746031746031746,0.06330373957492597,1e-07,0.0
2025-03-31,PL,avg_balance_per_customer_eur,2811.1885855818086,2783.9841987451646,-27.204386836644062,2783.9841987451646,0.0,2783.9841987451646,0.0,2783.9841987451646,,2783.9841987451646,2925.3516978193143,2925.3516206752147,2783.9841987451646,0.0,0.0,0.0,0.0,0.0,0.0,0.0,141.3674219300501,7.71440995777084e-05,2925.3516978193143,114.16311223750563,0.1,0.0
2025-03-31,PL,dpd30_rate,0.024813859662748718,0.024813859662748718,0.0,0.024813859662748718,0.0,0.02864786631765851,0.003834006654909794,0.02864786631765851,,0.0286478663176585,0.0286478694238425,,0.0286478663176585,-1.0408340855860843e-17,0.0,0.0,0.0,3.106183997514389e-09,0.0,0.0,0.0,0.0,0.0286478694238425,0.003834009761093781,1e-07,0.0
2025-03-31,PL,dpd90_rate,0.012093512279064886,0.012093512279064886,0.0,0.012093512279064886,0.0,0.012093512279064886,0.0,0.012093512279064886,,0.0120935122790648,0.0120935108800907,,0.0120935122790648,-8.673617379884035e-17,0.0,0.0,0.0,0.0,-1.3989740997588651e-09,0.0,0.0,0.0,0.0120935108800907,-1.398974186495039e-09,1e-07,0.0
2025-03-31,PL,new_accounts,160.0,160.0,0.0,160.0,0.0,160.0,0.0,160.0,,160.0,,,160.0,0.0,0.0,0.0,0.0,0.0,0.0,0.0,0.0,0.0,160.0,0.0,0.5,0.0
2025-03-31,PL,new_originations_eur,821126.0508000001,821126.0508000001,0.0,821126.0508000001,0.0,821126.0508000001,0.0,821126.0508000001,825291.1392,821126.0508,825291.12,,821126.0508,-1.1641532182693481e-10,0.0,4165.088400000008,-0.01919999998062849,0.0,0.0,0.0,0.0,0.0,825291.12,4165.069199999911,0.1,0.0
2025-03-31,PL,portfolio_balance_eur,9482139.09916744,9390378.70236744,-91760.39680000022,9390378.70236744,0.0,9390378.70236744,0.0,9390378.70236744,,9390378.70236744,9390378.95,,9390378.70236744,0.0,0.24763255938887596,0.0,0.0,0.0,0.0,0.0,0.0,0.0,9390378.95,-91760.14916744083,0.1,0.0
2025-03-31,RO,approval_rate,0.5348837209302325,0.5348837209302325,0.0,0.5348837209302325,0.0,0.5348837209302325,0.0,0.5348837209302325,,0.5348837209302325,0.6020942408376964,,0.5348837209302325,0.0,0.0,0.0,0.0,0.0,0.0,0.06721051990746385,0.0,0.0,0.6020942408376964,0.06721051990746385,1e-07,0.0
2025-03-31,RO,avg_balance_per_customer_eur,3096.5391594355337,3067.9932711106608,-28.545888324872976,2909.424374359767,-158.5688967508936,2909.424374359767,0.0,2909.424374359767,,2909.4243743597667,3063.370283270978,3063.370399512956,2909.4243743597667,-4.547473508864641e-13,0.0,0.0,0.0,0.0,0.0,0.0,153.9460251531891,-0.00011624197804849246,3063.370283270978,-33.16887616455597,0.1,0.0
2025-03-31,RO,dpd30_rate,0.025580781750473493,0.025580781750473493,0.0,0.025580781750473493,0.0,0.020717712929301225,-0.004863068821172267,0.020717712929301225,,0.0207177129293012,0.0207177103331867,,0.0207177129293012,-2.42861286636753e-17,0.0,0.0,0.0,-2.5961145004582686e-09,0.0,0.0,0.0,0.0,0.0207177103331867,-0.004863071417286792,1e-07,0.0
2025-03-31,RO,dpd90_rate,0.007160017088888154,0.007160017088888154,0.0,0.007160017088888154,0.0,0.007160017088888154,0.0,0.007160017088888154,,0.0071600170888881,0.0071600172504344,,0.0071600170888881,-5.377642775528102e-17,0.0,0.0,0.0,0.0,1.6154629977477297e-10,0.0,0.0,0.0,0.0071600172504344,1.6154624599834522e-10,1e-07,0.0
2025-03-31,RO,new_accounts,119.0,119.0,0.0,119.0,0.0,119.0,0.0,119.0,,119.0,,,119.0,0.0,0.0,0.0,0.0,0.0,0.0,0.0,0.0,0.0,119.0,0.0,0.5,0.0
2025-03-31,RO,new_originations_eur,615772.6,615772.6,0.0,583946.4605,-31826.139499999932,583946.4605,0.0,583946.4605,582991.5845,583946.4605,582991.54,,583946.4605,0.0,0.0,-954.8760000000475,-0.04449999995995313,0.0,0.0,0.0,0.0,0.0,582991.54,-32781.05999999994,0.1,0.0
2025-03-31,RO,portfolio_balance_eur,6100182.144088002,6043946.744088002,-56235.40000000037,5731566.017488741,-312380.72659926023,5731566.017488741,0.0,5731566.017488741,,5731566.01748874,5731565.8,,5731566.01748874,-9.313225746154785e-10,-0.21748874057084322,0.0,0.0,0.0,0.0,0.0,0.0,0.0,5731565.8,-368616.3440880021,0.1,0.0
2025-04-30,CZ,approval_rate,0.5399239543726235,0.5399239543726235,0.0,0.5399239543726235,0.0,0.5399239543726235,0.0,0.5399239543726235,,0.5399239543726235,0.5991561181434599,,0.5399239543726235,0.0,0.0,0.0,0.0,0.0,0.0,0.0592321637708364,0.0,0.0,0.5991561181434599,0.0592321637708364,1e-07,0.0
2025-04-30,CZ,avg_balance_per_customer_eur,2797.795287303227,2755.043845988067,-42.75144131515981,2755.043845988067,0.0,2755.043845988067,0.0,2755.043845988067,,2755.043845988067,2889.5475713694664,2889.547434662702,2755.043845988067,0.0,0.0,0.0,0.0,0.0,0.0,0.0,134.503588674635,0.00013670676435140194,2889.5475713694664,91.75228406623955,0.1,0.0
2025-04-30,CZ,dpd30_rate,0.027706732493886617,0.027706732493886617,0.0,0.027706732493886617,0.0,0.03208665533366181,0.004379922839775195,0.03208665533366181,,0.0320866553336618,0.0320866551372881,,0.0320866553336618,-1.3877787807814457e-17,0.0,0.0,0.0,-1.9637369508274105e-10,0.0,0.0,0.0,0.0,0.0320866551372881,0.004379922643401486,1e-07,0.0
2025-04-30,CZ,dpd90_rate,0.019494109185834097,0.019494109185834097,0.0,0.019494109185834097,0.0,0.019494109185834097,0.0,0.019494109185834097,,0.019494109185834,0.0194941092289369,,0.019494109185834,-9.71445146547012e-17,0.0,0.0,0.0,0.0,4.31028997216476e-11,0.0,0.0,0.0,0.0194941092289369,4.310280257713295e-11,1e-07,0.0
2025-04-30,CZ,new_accounts,131.0,131.0,0.0,131.0,0.0,131.0,0.0,131.0,,131.0,,,131.0,0.0,0.0,0.0,0.0,0.0,0.0,0.0,0.0,0.0,131.0,0.0,0.5,0.0
2025-04-30,CZ,new_originations_eur,608857.043,608857.043,0.0,608857.043,0.0,608857.043,0.0,608857.043,609880.382,608857.043,609880.34,,608857.043,0.0,0.0,1023.3390000000363,-0.042000000015832484,0.0,0.0,0.0,0.0,0.0,609880.34,1023.2970000000205,0.1,0.0
2025-04-30,CZ,portfolio_balance_eur,7092411.05331368,6984036.149579749,-108374.90373393055,6984036.149579749,0.0,6984036.149579749,0.0,6984036.149579749,,6984036.14957975,6984036.48,,6984036.14957975,9.313225746154785e-10,0.3304202500730753,0.0,0.0,0.0,0.0,0.0,0.0,0.0,6984036.48,-108374.57331367955,0.1,0.0
2025-04-30,GROUP,approval_rate,0.5308056872037915,0.5308056872037915,0.0,0.5308056872037915,0.0,0.5308056872037915,0.0,0.5308056872037915,,0.5308056872037915,0.5848563968668408,,0.5308056872037915,0.0,0.0,0.0,0.0,0.0,0.0,0.05405070966304926,0.0,0.0,0.5848563968668408,0.05405070966304926,1e-07,0.0
2025-04-30,GROUP,avg_balance_per_customer_eur,2909.6364753033627,2849.659777013375,-59.97669828998778,2804.5443725366554,-45.115404476719505,2804.5443725366554,0.0,2804.5443725366554,,2804.544372536656,2945.4102420299287,2945.4102317167667,2804.544372536656,4.547473508864641e-13,0.0,0.0,0.0,0.0,0.0,0.0,140.86585918011087,1.0313161965314066e-05,2945.4102420299287,35.77376672656601,0.1,0.0
2025-04-30,GROUP,dpd30_rate,0.025537609656139083,0.02556494755510373,2.7337898964648055e-05,0.02565759349492672,9.26459398229891e-05,0.02736747029369472,0.0017098767987679987,0.02736747029369472,,0.0273674702936947,0.0273674710088546,,0.0273674702936947,-2.0816681711721685e-17,0.0,0.0,0.0,7.151599000498887e-10,0.0,0.0,0.0,0.0,0.0273674710088546,0.0018298613527155151,1e-07,0.0
2025-04-30,GROUP,dpd90_rate,0.014476364368629884,0.014487520800768806,1.1156432138921882e-05,0.014520318289002958,3.27974882341521e-05,0.014520318289002958,0.0,0.014520318289002958,,0.0145203182890029,0.0145203191295934,,0.0145203182890029,-5.724587470723463e-17,0.0,0.0,0.0,0.0,8.405904999841951e-10,0.0,0.0,0.0,0.0145203191295934,4.395476096351672e-05,1e-07,0.0
2025-04-30,GROUP,new_accounts,421.0,421.0,0.0,421.0,0.0,421.0,0.0,421.0,,421.0,,,421.0,0.0,0.0,0.0,0.0,0.0,0.0,0.0,0.0,0.0,421.0,0.0,0.5,0.0
2025-04-30,GROUP,new_originations_eur,2080055.523,2080055.523,0.0,2043847.6582,-36207.8648000001,2043847.6582,0.0,2043847.6582,2046816.6888,2043847.6582,2046816.68,,2043847.6582,0.0,0.0,2969.03059999994,-0.008799999952316284,0.0,0.0,0.0,0.0,0.0,2046816.68,-33238.84300000011,0.1,0.0
2025-04-30,GROUP,portfolio_balance_eur,23483675.99217344,22999604.060274947,-484071.9318984933,22635477.630743347,-364126.4295316003,22635477.630743347,0.0,22635477.630743347,,22635477.63074335,22635477.71,,22635477.63074335,3.725290298461914e-09,0.07925665006041527,0.0,0.0,0.0,0.0,0.0,0.0,0.0,22635477.71,-848198.2821734399,0.1,0.0
2025-04-30,PL,approval_rate,0.5348837209302325,0.5348837209302325,0.0,0.5348837209302325,0.0,0.5348837209302325,0.0,0.5348837209302325,,0.5348837209302325,0.5935483870967742,,0.5348837209302325,0.0,0.0,0.0,0.0,0.0,0.0,0.058664666166541646,0.0,0.0,0.5935483870967742,0.058664666166541646,1e-07,0.0
2025-04-30,PL,avg_balance_per_customer_eur,2831.9187795114253,2785.4360666250573,-46.48271288636806,2785.4360666250573,0.0,2785.4360666250573,0.0,2785.4360666250573,,2785.4360666250573,2924.0776380090497,2924.077680800965,2785.4360666250573,0.0,0.0,0.0,0.0,0.0,0.0,0.0,138.64161417590776,-4.279191534806159e-05,2924.0776380090497,92.15885849762435,0.1,0.0
2025-04-30,PL,dpd30_rate,0.027778115834101665,0.027778115834101665,0.0,0.027778115834101665,0.0,0.02605484149338909,-0.0017232743407125765,0.02605484149338909,,0.026054841493389,0.0260548438021482,,0.026054841493389,-9.020562075079397e-17,0.0,0.0,0.0,2.3087592011805658e-09,0.0,0.0,0.0,0.0,0.0260548438021482,-0.0017232720319534656,1e-07,0.0
2025-04-30,PL,dpd90_rate,0.012210045765880199,0.012210045765880199,0.0,0.012210045765880199,0.0,0.012210045765880199,0.0,0.012210045765880199,,0.0122100457658802,0.0122100469305071,,0.0122100457658802,1.734723475976807e-18,0.0,0.0,0.0,0.0,1.1646269001269749e-09,0.0,0.0,0.0,0.0122100469305071,1.1646269018616984e-09,1e-07,0.0
2025-04-30,PL,new_accounts,174.0,174.0,0.0,174.0,0.0,174.0,0.0,174.0,,174.0,,,174.0,0.0,0.0,0.0,0.0,0.0,0.0,0.0,0.0,0.0,174.0,0.0,0.5,0.0
2025-04-30,PL,new_originations_eur,842528.96,842528.96,0.0,842528.96,0.0,842528.96,0.0,842528.96,842456.16,842528.96,842456.17,,842528.96,0.0,0.0,-72.79999999993015,0.010000000009313226,0.0,0.0,0.0,0.0,0.0,842456.17,-72.78999999992084,0.1,0.0
2025-04-30,PL,portfolio_balance_eur,9855077.35269976,9693317.5118552,-161759.84084456041,9693317.5118552,0.0,9693317.5118552,0.0,9693317.5118552,,9693317.5118552,9693317.37,,9693317.5118552,0.0,-0.14185520075261593,0.0,0.0,0.0,0.0,0.0,0.0,0.0,9693317.37,-161759.98269976117,0.1,0.0
2025-04-30,RO,approval_rate,0.5147679324894515,0.5147679324894515,0.0,0.5147679324894515,0.0,0.5147679324894515,0.0,0.5147679324894515,,0.5147679324894515,0.5570776255707762,,0.5147679324894515,0.0,0.0,0.0,0.0,0.0,0.0,0.042309693081324706,0.0,0.0,0.5570776255707762,0.042309693081324706,1e-07,0.0
2025-04-30,RO,avg_balance_per_customer_eur,3179.0795652529187,3075.0245130544745,-104.05505219844417,2897.920218535214,-177.1042945192603,2897.920218535214,0.0,2897.920218535214,,2897.9202185352137,3050.754664618536,3050.7547205880182,2897.9202185352137,-4.547473508864641e-13,0.0,0.0,0.0,0.0,0.0,0.0,152.8345020528045,-5.596948221864295e-05,3050.754664618536,-128.32490063438263,0.1,0.0
2025-04-30,RO,dpd30_rate,0.019805725130243913,0.019805725130243913,0.0,0.019805725130243913,0.0,0.02397122824110329,0.004165503110859378,0.02397122824110329,,0.0239712282411033,0.0239712270768402,,0.0239712282411033,1.0408340855860843e-17,0.0,0.0,0.0,-1.1642631025932104e-09,0.0,0.0,0.0,0.0,0.0239712270768402,0.004165501946596286,1e-07,0.0
2025-04-30,RO,dpd90_rate,0.012448704743874188,0.012448704743874188,0.0,0.012448704743874188,0.0,0.012448704743874188,0.0,0.012448704743874188,,0.0124487047438741,0.0124487056232496,,0.0124487047438741,-8.847089727481716e-17,0.0,0.0,0.0,0.0,8.793755012365123e-10,0.0,0.0,0.0,0.0124487056232496,8.79375412765615e-10,1e-07,0.0
2025-04-30,RO,new_accounts,116.0,116.0,0.0,116.0,0.0,116.0,0.0,116.0,,116.0,,,116.0,0.0,0.0,0.0,0.0,0.0,0.0,0.0,0.0,0.0,116.0,0.0,0.5,0.0
2025-04-30,RO,new_originations_eur,628669.52,628669.52,0.0,592461.6552,-36207.86479999998,592461.6552,0.0,592461.6552,594480.1468,592461.6552,594480.17,,592461.6552,0.0,0.0,2018.4915999999503,0.023200000054202974,0.0,0.0,0.0,0.0,0.0,594480.17,-34189.34999999998,0.1,0.0
2025-04-30,RO,portfolio_balance_eur,6536187.58616,6322250.39884,-213937.1873200005,5958123.9693084005,-364126.4295315994,5958123.9693084005,0.0,5958123.9693084005,,5958123.9693084,5958123.86,,5958123.9693084,-9.313225746154785e-10,-0.1093083992600441,0.0,0.0,0.0,0.0,0.0,0.0,0.0,5958123.86,-578063.7261600001,0.1,0.0
2025-05-31,CZ,approval_rate,0.5335689045936396,0.5335689045936396,0.0,0.5335689045936396,0.0,0.5335689045936396,0.0,0.5335689045936396,,0.5335689045936396,0.58984375,,0.5335689045936396,0.0,0.0,0.0,0.0,0.0,0.0,0.05627484540636041,0.0,0.0,0.58984375,0.05627484540636041,1e-07,0.0
2025-05-31,CZ,avg_balance_per_customer_eur,2841.4943293566967,2748.7027349853956,-92.79159437130102,2748.7027349853956,0.0,2748.7027349853956,0.0,2748.7027349853956,,2748.7027349853947,2881.74008,2881.739947358688,2748.7027349853947,-9.094947017729282e-13,0.0,0.0,0.0,0.0,0.0,0.0,133.0372123732932,0.00013264131212054053,2881.74008,40.24575064330338,0.1,0.0
2025-05-31,CZ,dpd30_rate,0.030950855836187046,0.030950855836187046,0.0,0.030950855836187046,0.0,0.028419458736337628,-0.002531397099849418,0.028419458736337628,,0.0284194587363376,0.0284194596759052,,0.0284194587363376,-2.7755575615628914e-17,0.0,0.0,0.0,9.395676008050469e-10,0.0,0.0,0.0,0.0,0.0284194596759052,-0.002531396160281845,1e-07,0.0
2025-05-31,CZ,dpd90_rate,0.01867875928543116,0.01867875928543116,0.0,0.01867875928543116,0.0,0.01867875928543116,0.0,0.01867875928543116,,0.0186787592854311,0.0186787616182233,,0.0186787592854311,-6.245004513516506e-17,0.0,0.0,0.0,0.0,2.3327922024640735e-09,0.0,0.0,0.0,0.0186787616182233,2.3327921400140283e-09,1e-07,0.0
2025-05-31,CZ,new_accounts,144.0,144.0,0.0,144.0,0.0,144.0,0.0,144.0,,144.0,,,144.0,0.0,0.0,0.0,0.0,0.0,0.0,0.0,0.0,0.0,144.0,0.0,0.5,0.0
2025-05-31,CZ,new_originations_eur,689817.0630000001,689817.0630000001,0.0,689817.0630000001,0.0,689817.0630000001,0.0,689817.0630000001,693042.48,689817.063,693042.48,,689817.063,-1.1641532182693481e-10,0.0,3225.417000000016,0.0,0.0,0.0,0.0,0.0,0.0,693042.48,3225.4169999998994,0.1,0.0
2025-05-31,CZ,portfolio_balance_eur,7447556.637243901,7204349.868396722,-243206.7688471796,7204349.868396722,0.0,7204349.868396722,0.0,7204349.868396722,,7204349.86839672,7204350.2,,7204349.86839672,-1.862645149230957e-09,0.3316032802686095,0.0,0.0,0.0,0.0,0.0,0.0,0.0,7204350.2,-243206.4372439012,0.1,0.0
2025-05-31,GROUP,approval_rate,0.5011185682326622,0.5011185682326622,0.0,0.5011185682326622,0.0,0.5011185682326622,0.0,0.5011185682326622,,0.5011185682326622,0.5544554455445545,,0.5011185682326622,0.0,0.0,0.0,0.0,0.0,0.0,0.053336877311892295,0.0,0.0,0.5544554455445545,0.053336877311892295,1e-07,0.0
2025-05-31,GROUP,avg_balance_per_customer_eur,2918.410236199385,2827.3548195499475,-91.05541664943757,2777.653513291327,-49.70130625862066,2777.653513291327,0.0,2777.653513291327,,2777.653513291327,2916.6409818959014,2916.640953357953,2777.653513291327,0.0,0.0,0.0,0.0,0.0,0.0,0.0,138.98744006662628,2.8537948310258798e-05,2916.6409818959014,-1.769254303483649,0.1,0.0
2025-05-31,GROUP,dpd30_rate,0.026492898384075293,0.02649107688298887,-1.8215010864248982e-06,0.026536501513791746,4.542463080287745e-05,0.02824250360898661,0.001706002095194864,0.02824250360898661,,0.0282425036089866,0.0282425019511767,,0.0282425036089866,-1.0408340855860843e-17,0.0,0.0,0.0,-1.6578098997743762e-09,0.0,0.0,0.0,0.0,0.0282425019511767,0.0017496035671014064,1e-07,0.0
2025-05-31,GROUP,dpd90_rate,0.015268363559023472,0.015263811111992587,-4.552447030884213e-06,0.015269421980645632,5.61086865304497e-06,0.015269421980645632,0.0,0.015269421980645632,,0.0152694219806456,0.0152694217245717,,0.0152694219806456,-3.2959746043559335e-17,0.0,0.0,0.0,0.0,-2.5607389993187457e-10,0.0,0.0,0.0,0.0152694217245717,1.0581655482278657e-06,1e-07,0.0
2025-05-31,GROUP,new_accounts,421.0,421.0,0.0,421.0,0.0,421.0,0.0,421.0,,421.0,,,421.0,0.0,0.0,0.0,0.0,0.0,0.0,0.0,0.0,0.0,421.0,0.0,0.5,0.0
2025-05-31,GROUP,new_originations_eur,2071078.4043999999,2071078.4043999999,0.0,2042611.2844,-28467.11999999988,2042611.2844,0.0,2042611.2844,2050170.1768,2042611.2844,2050170.19,,2042611.2844,0.0,0.0,7558.892400000012,0.013199999928474426,0.0,0.0,0.0,0.0,0.0,2050170.19,-20908.21439999994,0.1,0.0
2025-05-31,GROUP,portfolio_balance_eur,24374562.292737264,23614067.45288116,-760494.8398561031,23198962.143009163,-415105.3098719977,23198962.143009163,0.0,23198962.143009163,,23198962.14300916,23198962.37,,23198962.14300916,-3.725290298461914e-09,0.22699084132909775,0.0,0.0,0.0,0.0,0.0,0.0,0.0,23198962.37,-1175599.9227372631,0.1,0.0
2025-05-31,PL,approval_rate,0.5025510204081632,0.5025510204081632,0.0,0.5025510204081632,0.0,0.5025510204081632,0.0,0.5025510204081632,,0.5025510204081632,0.5533707865168539,,0.5025510204081632,0.0,0.0,0.0,0.0,0.0,0.0,0.050819766108690656,0.0,0.0,0.5533707865168539,0.050819766108690656,1e-07,0.0
2025-05-31,PL,avg_balance_per_customer_eur,2865.009157761702,2785.2227475503983,-79.78641021130397,2785.2227475503983,0.0,2785.2227475503983,0.0,2785.2227475503983,,2785.222747550398,2925.0090832608066,2925.0090937430928,2785.222747550398,-4.547473508864641e-13,0.0,0.0,0.0,0.0,0.0,0.0,139.78634619269496,-1.0482286143087549e-05,2925.0090832608066,59.99992549910439,0.1,0.0
2025-05-31,PL,dpd30_rate,0.024897497340277155,0.024897497340277155,0.0,0.024897497340277155,0.0,0.027905735116107017,0.0030082377758298626,0.027905735116107017,,0.027905735116107,0.0279057330934613,,0.027905735116107,-1.734723475976807e-17,0.0,0.0,0.0,-2.022645700233694e-09,0.0,0.0,0.0,0.0,0.0279057330934613,0.003008235753184145,1e-07,0.0
2025-05-31,PL,dpd90_rate,0.013020476941745483,0.013020476941745483,0.0,0.013020476941745483,0.0,0.013020476941745483,0.0,0.013020476941745483,,0.0130204769417454,0.0130204748664322,,0.0130204769417454,-8.326672684688674e-17,0.0,0.0,0.0,0.0,-2.0753132008027864e-09,0.0,0.0,0.0,0.0130204748664322,-2.0753132840695132e-09,1e-07,0.0
2025-05-31,PL,new_accounts,185.0,185.0,0.0,185.0,0.0,185.0,0.0,185.0,,185.0,,,185.0,0.0,0.0,0.0,0.0,0.0,0.0,0.0,0.0,0.0,185.0,0.0,0.5,0.0
2025-05-31,PL,new_originations_eur,947353.4214,947353.4214,0.0,947353.4214,0.0,947353.4214,0.0,947353.4214,950334.7086,947353.4214,950334.72,,947353.4214,0.0,0.0,2981.2872000000207,0.011399999959394336,0.0,0.0,0.0,0.0,0.0,950334.72,2981.29859999998,0.1,0.0
2025-05-31,PL,portfolio_balance_eur,10371333.151097363,10082506.346132442,-288826.8049649205,10082506.346132442,0.0,10082506.346132442,0.0,10082506.346132442,,10082506.34613244,10082506.31,,10082506.34613244,-1.862645149230957e-09,-0.036132439970970154,0.0,0.0,0.0,0.0,0.0,0.0,0.0,10082506.31,-288826.84109736234,0.1,0.0
2025-05-31,RO,approval_rate,0.45662100456621,0.45662100456621,0.0,0.45662100456621,0.0,0.45662100456621,0.0,0.45662100456621,,0.45662100456621,0.5102040816326531,,0.45662100456621,0.0,0.0,0.0,0.0,0.0,0.0,0.05358307706644305,0.0,0.0,0.5102040816326531,0.05358307706644305,1e-07,0.0
2025-05-31,RO,avg_balance_per_customer_eur,3105.4820011350066,2997.2578106830874,-108.22419045191918,2800.6186302605392,-196.63918042254818,2800.6186302605392,0.0,2800.6186302605392,,2800.61863026054,2945.742830094669,2945.7428642152468,2800.61863026054,9.094947017729282e-13,0.0,0.0,0.0,0.0,0.0,0.0,145.1242339547066,-3.4120577765861526e-05,2945.742830094669,-159.73917104033762,0.1,0.0
2025-05-31,RO,dpd30_rate,0.02395243363922738,0.02395243363922738,0.0,0.02395243363922738,0.0,0.028601195392226983,0.004648761752999601,0.028601195392226983,,0.0286011953922269,0.0286011911836774,,0.0286011953922269,-8.326672684688674e-17,0.0,0.0,0.0,-4.208549498480041e-09,0.0,0.0,0.0,0.0,0.0286011911836774,0.00464875754445002,1e-07,0.0
2025-05-31,RO,dpd90_rate,0.014950236878236102,0.014950236878236102,0.0,0.014950236878236102,0.0,0.014950236878236102,0.0,0.014950236878236102,,0.0149502368782361,0.0149502363612954,,0.0149502368782361,-1.734723475976807e-18,0.0,0.0,0.0,0.0,-5.169407003152715e-10,0.0,0.0,0.0,0.0149502363612954,-5.16940702049995e-10,1e-07,0.0
2025-05-31,RO,new_accounts,92.0,92.0,0.0,92.0,0.0,92.0,0.0,92.0,,92.0,,,92.0,0.0,0.0,0.0,0.0,0.0,0.0,0.0,0.0,0.0,92.0,0.0,0.5,0.0
2025-05-31,RO,new_originations_eur,433907.92,433907.92,0.0,405440.8,-28467.119999999995,405440.8,0.0,405440.8,406792.9882,405440.8,406792.99,,405440.8,0.0,0.0,1352.1882000000332,0.0017999999690800905,0.0,0.0,0.0,0.0,0.0,406792.99,-27114.929999999993,0.1,0.0
2025-05-31,RO,portfolio_balance_eur,6555672.504395999,6327211.238351998,-228461.2660440011,5912105.928479998,-415105.30987199955,5912105.928479998,0.0,5912105.928479998,,5912105.92848,5912105.86,,5912105.92848,1.862645149230957e-09,-0.0684799998998642,0.0,0.0,0.0,0.0,0.0,0.0,0.0,5912105.86,-643566.6443959987,0.1,0.0
2025-06-30,CZ,approval_rate,0.541095890410959,0.541095890410959,0.0,0.541095890410959,0.0,0.541095890410959,0.0,0.541095890410959,,0.541095890410959,0.5962264150943396,,0.541095890410959,0.0,0.0,0.0,0.0,0.0,0.0,0.055130524683380644,0.0,0.0,0.5962264150943396,0.055130524683380644,1e-07,0.0
2025-06-30,CZ,avg_balance_per_customer_eur,2868.912484784882,2753.645112227116,-115.26737255776607,2753.645112227116,0.0,2753.645112227116,0.0,2753.645112227116,,2753.6451122271164,2882.240694712466,2882.240657800054,2753.6451122271164,4.547473508864641e-13,0.0,0.0,0.0,0.0,0.0,0.0,128.59554557293768,3.69124118151376e-05,2882.240694712466,13.328209927583885,0.1,0.0
2025-06-30,CZ,dpd30_rate,0.02724809561546654,0.02724809561546654,0.0,0.02724809561546654,0.0,0.036448836170237454,0.009200740554770916,0.036448836170237454,,0.0364488361702374,0.0364488361393814,,0.0364488361702374,-5.551115123125783e-17,0.0,0.0,0.0,-3.0855998311984933e-11,0.0,0.0,0.0,0.0,0.0364488361393814,0.009200740523914862,1e-07,0.0
2025-06-30,CZ,dpd90_rate,0.016943166802520226,0.016943166802520226,0.0,0.016943166802520226,0.0,0.016943166802520226,0.0,0.016943166802520226,,0.0169431668025202,0.0169431651875161,,0.0169431668025202,-2.7755575615628914e-17,0.0,0.0,0.0,0.0,-1.6150040992035652e-09,0.0,0.0,0.0,0.0169431651875161,-1.6150041269591409e-09,1e-07,0.0
2025-06-30,CZ,new_accounts,141.0,141.0,0.0,141.0,0.0,141.0,0.0,141.0,,141.0,,,141.0,0.0,0.0,0.0,0.0,0.0,0.0,0.0,0.0,0.0,141.0,0.0,0.5,0.0
2025-06-30,CZ,new_originations_eur,712332.508,712332.508,0.0,712332.508,0.0,712332.508,0.0,712332.508,716947.106,712332.508,716947.22,,712332.508,0.0,0.0,4614.597999999998,0.11399999994318932,0.0,0.0,0.0,0.0,0.0,716947.22,4614.711999999941,0.1,0.0
2025-06-30,CZ,portfolio_balance_eur,7780490.6587366,7467885.544359939,-312605.11437666044,7467885.544359939,0.0,7467885.544359939,0.0,7467885.544359939,,7467885.54435994,7467885.64,,7467885.54435994,9.313225746154785e-10,0.09564005956053734,0.0,0.0,0.0,0.0,0.0,0.0,0.0,7467885.64,-312605.01873659994,0.1,0.0
2025-06-30,GROUP,approval_rate,0.5227790432801822,0.5227790432801822,0.0,0.5227790432801822,0.0,0.5227790432801822,0.0,0.5227790432801822,,0.5227790432801822,0.5802781289506953,,0.5227790432801822,0.0,0.0,0.0,0.0,0.0,0.0,0.057499085670513095,0.0,0.0,0.5802781289506953,0.057499085670513095,1e-07,0.0
2025-06-30,GROUP,avg_balance_per_customer_eur,2932.6094736087402,2814.3623738993215,-118.24709970941876,2761.608271279732,-52.7541026195895,2761.608271279732,0.0,2761.608271279732,,2761.6082712797324,2896.051057423819,2896.0510194627086,2761.6082712797324,4.547473508864641e-13,0.0,0.0,0.0,0.0,0.0,0.0,134.44274818297617,3.796111059273244e-05,2896.051057423819,-36.55841618492104,0.1,0.0
2025-06-30,GROUP,dpd30_rate,0.027365380062007,0.027365058136782017,-3.2192522498100673e-07,0.02736080802633746,-4.250110444557059e-06,0.032497587144361344,0.005136779118023883,0.032497587144361344,,0.0324975871443613,0.0324975871411116,,0.0324975871443613,-4.163336342344337e-17,0.0,0.0,0.0,-3.249699120910776e-12,0.0,0.0,0.0,0.0,0.0324975871411116,0.0051322070791046046,1e-07,0.0
2025-06-30,GROUP,dpd90_rate,0.01579954156265534,0.015802592957250648,3.05139459530826e-06,0.015843126520748044,4.0533563497396896e-05,0.015843126520748044,0.0,0.015843126520748044,,0.015843126520748,0.0158431256910713,,0.015843126520748,-4.5102810375396984e-17,0.0,0.0,0.0,0.0,-8.296766988713511e-10,0.0,0.0,0.0,0.0158431256910713,4.358412841596118e-05,1e-07,0.0
2025-06-30,GROUP,new_accounts,437.0,437.0,0.0,437.0,0.0,437.0,0.0,437.0,,437.0,,,437.0,0.0,0.0,0.0,0.0,0.0,0.0,0.0,0.0,0.0,437.0,0.0,0.5,0.0
2025-06-30,GROUP,new_originations_eur,2188446.333,2188446.333,0.0,2141068.4961,-47377.836899999995,2141068.4961,0.0,2141068.4961,2148048.8191,2141068.4961,2148048.91,,2141068.4961,0.0,0.0,6980.322999999858,0.0909000001847744,0.0,0.0,0.0,0.0,0.0,2148048.91,-40397.42299999995,0.1,0.0
2025-06-30,GROUP,portfolio_balance_eur,25331880.6330323,24310462.185742337,-1021418.4472899623,23854772.247314326,-455689.9384280108,23854772.247314326,0.0,23854772.247314326,,23854772.24731433,23854772.56,,23854772.24731433,3.725290298461914e-09,0.31268566846847534,0.0,0.0,0.0,0.0,0.0,0.0,0.0,23854772.56,-1477108.073032301,0.1,0.0
2025-06-30,PL,approval_rate,0.5042735042735043,0.5042735042735043,0.0,0.5042735042735043,0.0,0.5042735042735043,0.0,0.5042735042735043,,0.5042735042735043,0.5673076923076923,,0.5042735042735043,0.0,0.0,0.0,0.0,0.0,0.0,0.06303418803418803,0.0,0.0,0.5673076923076923,0.06303418803418803,1e-07,0.0
2025-06-30,PL,avg_balance_per_customer_eur,2863.6544505390407,2755.3281360199358,-108.32631451910493,2755.3281360199358,0.0,2755.3281360199358,0.0,2755.3281360199358,,2755.328136019936,2891.6998228346456,2891.6998322908885,2755.328136019936,4.547473508864641e-13,0.0,0.0,0.0,0.0,0.0,0.0,136.37169627095227,-9.456242878513876e-06,2891.6998228346456,28.04537229560492,0.1,0.0
2025-06-30,PL,dpd30_rate,0.02730807138220436,0.02730807138220436,0.0,0.02730807138220436,0.0,0.02982337411032975,0.002515302728125387,0.02982337411032975,,0.0298233741103297,0.0298233718284362,,0.0298233741103297,-4.85722573273506e-17,0.0,0.0,0.0,-2.2818935005441965e-09,0.0,0.0,0.0,0.0,0.0298233718284362,0.0025153004462318378,1e-07,0.0
2025-06-30,PL,dpd90_rate,0.01632785393900936,0.01632785393900936,0.0,0.01632785393900936,0.0,0.01632785393900936,0.0,0.01632785393900936,,0.0163278539390093,0.0163278541986006,,0.0163278539390093,-5.898059818321144e-17,0.0,0.0,0.0,0.0,2.595912998448746e-10,0.0,0.0,0.0,0.0163278541986006,2.5959124086427643e-10,1e-07,0.0
2025-06-30,PL,new_accounts,176.0,176.0,0.0,176.0,0.0,176.0,0.0,176.0,,176.0,,,176.0,0.0,0.0,0.0,0.0,0.0,0.0,0.0,0.0,0.0,176.0,0.0,0.5,0.0
2025-06-30,PL,new_originations_eur,794106.185,794106.185,0.0,794106.185,0.0,794106.185,0.0,794106.185,795455.0,794106.185,795455.0,,794106.185,0.0,0.0,1348.8149999999441,0.0,0.0,0.0,0.0,0.0,0.0,795455.0,1348.8149999999441,0.1,0.0
2025-06-30,PL,portfolio_balance_eur,10687158.4094117,10282884.6036264,-404273.8057853002,10282884.6036264,0.0,10282884.6036264,0.0,10282884.6036264,,10282884.6036264,10282884.57,,10282884.6036264,0.0,-0.03362639993429184,0.0,0.0,0.0,0.0,0.0,0.0,0.0,10282884.57,-404273.83941170014,0.1,0.0
2025-06-30,RO,approval_rate,0.5276595744680851,0.5276595744680851,0.0,0.5276595744680851,0.0,0.5276595744680851,0.0,0.5276595744680851,,0.5276595744680851,0.5794392523364486,,0.5276595744680851,0.0,0.0,0.0,0.0,0.0,0.0,0.05177967786836346,0.0,0.0,0.5794392523364486,0.05177967786836346,1e-07,0.0
2025-06-30,RO,avg_balance_per_customer_eur,3128.637905598906,2989.8322870355514,-138.80561856335453,2782.134047095711,-207.69823993984028,2782.134047095711,0.0,2782.134047095711,,2782.134047095711,2920.5752870813394,2920.5751671425787,2782.134047095711,0.0,0.0,0.0,0.0,0.0,0.0,0.0,138.44112004686758,0.00011993876069027465,2920.5752870813394,-208.06261851756653,0.1,0.0
2025-06-30,RO,dpd30_rate,0.027587545859531916,0.027587545859531916,0.0,0.027587545859531916,0.0,0.032168483154002774,0.004580937294470858,0.032168483154002774,,0.0321684831540027,0.0321684869600353,,0.0321684831540027,-7.632783294297951e-17,0.0,0.0,0.0,3.806032600195408e-09,0.0,0.0,0.0,0.0,0.0321684869600353,0.0045809411005033815,1e-07,0.0
2025-06-30,RO,dpd90_rate,0.013680713924902416,0.013680713924902416,0.0,0.013680713924902416,0.0,0.013680713924902416,0.0,0.013680713924902416,,0.0136807139249024,0.0136807122952696,,0.0136807139249024,-1.5612511283791264e-17,0.0,0.0,0.0,0.0,-1.6296328002318727e-09,0.0,0.0,0.0,0.0136807122952696,-1.629632815844384e-09,1e-07,0.0
2025-06-30,RO,new_accounts,120.0,120.0,0.0,120.0,0.0,120.0,0.0,120.0,,120.0,,,120.0,0.0,0.0,0.0,0.0,0.0,0.0,0.0,0.0,0.0,120.0,0.0,0.5,0.0
2025-06-30,RO,new_originations_eur,682007.64,682007.64,0.0,634629.8031,-47377.836899999995,634629.8031,0.0,634629.8031,635646.7131,634629.8031,635646.69,,634629.8031,0.0,0.0,1016.9100000000326,-0.02310000010766089,0.0,0.0,0.0,0.0,0.0,635646.69,-46360.95000000007,0.1,0.0
2025-06-30,RO,portfolio_balance_eur,6864231.5648839995,6559692.037756,-304539.5271279998,6104002.09932799,-455689.93842800986,6104002.09932799,0.0,6104002.09932799,,6104002.09932799,6104002.35,,6104002.09932799,0.0,0.2506720097735524,0.0,0.0,0.0,0.0,0.0,0.0,0.0,6104002.35,-760229.2148839999,0.1,0.0
2025-07-31,CZ,approval_rate,0.49063670411985016,0.49063670411985016,0.0,0.49063670411985016,0.0,0.49063670411985016,0.0,0.49063670411985016,,0.4906367041198501,0.5413223140495868,,0.4906367041198501,-5.551115123125783e-17,0.0,0.0,0.0,0.0,0.0,0.05068560992973664,0.0,0.0,0.5413223140495868,0.050685609929736586,1e-07,0.0
2025-07-31,CZ,avg_balance_per_customer_eur,2899.1695348437593,2752.9094609714493,-146.26007387230993,2752.9094609714493,0.0,2752.9094609714493,0.0,2752.9094609714493,,2752.9094609714493,2874.939342599549,2874.93925676207,2752.9094609714493,0.0,0.0,0.0,0.0,0.0,0.0,0.0,122.02979579062048,8.583747921875329e-05,2874.939342599549,-24.23019224421023,0.1,0.0
2025-07-31,CZ,dpd30_rate,0.03570257497228062,0.03570257497228062,0.0,0.03570257497228062,0.0,0.03365563291130919,-0.0020469420609714253,0.03365563291130919,,0.0336556329113092,0.033655635759384,,0.0336556329113092,6.938893903907228e-18,0.0,0.0,0.0,2.8480748037740256e-09,0.0,0.0,0.0,0.0,0.033655635759384,-0.0020469392128966146,1e-07,0.0
2025-07-31,CZ,dpd90_rate,0.00868308710065973,0.00868308710065973,0.0,0.00868308710065973,0.0,0.00868308710065973,0.0,0.00868308710065973,,0.0086830871006597,0.0086830865394418,,0.0086830871006597,-2.949029909160572e-17,0.0,0.0,0.0,0.0,-5.612179002772999e-10,0.0,0.0,0.0,0.0086830865394418,-5.61217929767599e-10,1e-07,0.0
2025-07-31,CZ,new_accounts,124.0,124.0,0.0,124.0,0.0,124.0,0.0,124.0,,124.0,,,124.0,0.0,0.0,0.0,0.0,0.0,0.0,0.0,0.0,0.0,124.0,0.0,0.5,0.0
2025-07-31,CZ,new_originations_eur,639536.8289999999,639536.8289999999,0.0,639536.8289999999,0.0,639536.8289999999,0.0,639536.8289999999,638077.38,639536.829,638077.38,,639536.829,1.1641532182693481e-10,0.0,-1459.4490000000224,0.0,0.0,0.0,0.0,0.0,0.0,638077.38,-1459.448999999906,0.1,0.0
2025-07-31,CZ,portfolio_balance_eur,8059691.30686565,7653088.30150063,-406603.0053650206,7653088.30150063,0.0,7653088.30150063,0.0,7653088.30150063,,7653088.30150063,7653088.53,,7653088.30150063,0.0,0.22849937062710524,0.0,0.0,0.0,0.0,0.0,0.0,0.0,7653088.53,-406602.77686564997,0.1,0.0
2025-07-31,GROUP,approval_rate,0.5272067714631197,0.5272067714631197,0.0,0.5272067714631197,0.0,0.5272067714631197,0.0,0.5272067714631197,,0.5272067714631197,0.5782493368700266,,0.5272067714631197,0.0,0.0,0.0,0.0,0.0,0.0,0.05104256540690688,0.0,0.0,0.5782493368700266,0.05104256540690688,1e-07,0.0
2025-07-31,GROUP,avg_balance_per_customer_eur,2970.3429881180587,2822.1509243076857,-148.19206381037293,2769.583600531269,-52.56732377641674,2769.583600531269,0.0,2769.583600531269,,2769.5836005312685,2901.6708983591075,2901.670930789164,2769.5836005312685,-4.547473508864641e-13,0.0,0.0,0.0,0.0,0.0,0.0,132.08733025789525,-3.24300563079305e-05,2901.6708983591075,-68.67208975895119,0.1,0.0
2025-07-31,GROUP,dpd30_rate,0.031578004661017886,0.03157349730348157,-4.507357536313872e-06,0.031569869299164124,-3.6280043174477528e-06,0.03237192450816992,0.0008020552090057947,0.03237192450816992,,0.0323719245081699,0.0323719245764494,,0.0323719245081699,-2.0816681711721685e-17,0.0,0.0,0.0,6.827950010945827e-11,0.0,0.0,0.0,0.0,0.0323719245764494,0.0007939199154315124,1e-07,0.0
2025-07-31,GROUP,dpd90_rate,0.011495809872507446,0.011503862527111624,8.052654604177867e-06,0.011561457249646473,5.759472253484901e-05,0.011561457249646473,0.0,0.011561457249646473,,0.0115614572496464,0.0115614570219796,,0.0115614572496464,-7.28583859910259e-17,0.0,0.0,0.0,0.0,-2.2766680034258524e-10,0.0,0.0,0.0,0.0115614570219796,6.564714947215368e-05,1e-07,0.0
2025-07-31,GROUP,new_accounts,421.0,421.0,0.0,421.0,0.0,421.0,0.0,421.0,,421.0,,,421.0,0.0,0.0,0.0,0.0,0.0,0.0,0.0,0.0,0.0,421.0,0.0,0.5,0.0
2025-07-31,GROUP,new_originations_eur,2255915.5927999998,2255915.5927999998,0.0,2220599.0708,-35316.52199999988,2220599.0708,0.0,2220599.0708,2218342.9663,2220599.0708,2218343.11,,2220599.0708,0.0,0.0,-2256.1044999998994,0.1436999998986721,0.0,0.0,0.0,0.0,0.0,2218343.11,-37572.48279999988,0.1,0.0
2025-07-31,GROUP,portfolio_balance_eur,26361794.01954777,25046589.453230713,-1315204.566317059,24580054.454715014,-466534.99851569906,24580054.454715014,0.0,24580054.454715014,,24580054.45471501,24580054.18,,24580054.45471501,-3.725290298461914e-09,-0.27471501007676125,0.0,0.0,0.0,0.0,0.0,0.0,0.0,24580054.18,-1781739.839547772,0.1,0.0
2025-07-31,PL,approval_rate,0.555256064690027,0.555256064690027,0.0,0.555256064690027,0.0,0.555256064690027,0.0,0.555256064690027,,0.555256064690027,0.6112759643916914,,0.555256064690027,0.0,0.0,0.0,0.0,0.0,0.0,0.05601989970166443,0.0,0.0,0.6112759643916914,0.05601989970166443,1e-07,0.0
2025-07-31,PL,avg_balance_per_customer_eur,2935.50645342615,2796.673404542685,-138.83304888346493,2796.673404542685,0.0,2796.673404542685,0.0,2796.673404542685,,2796.6734045426847,2933.26390723056,2933.264001926897,2796.6734045426847,-4.547473508864641e-13,0.0,0.0,0.0,0.0,0.0,0.0,136.5905973842123,-9.469633687331225e-05,2933.26390723056,-2.2425461955899664,0.1,0.0
2025-07-31,PL,dpd30_rate,0.028515940293904227,0.028515940293904227,0.0,0.028515940293904227,0.0,0.02857707235799204,6.113206408781338e-05,0.02857707235799204,,0.028577072357992,0.0285770706939459,,0.028577072357992,-4.163336342344337e-17,0.0,0.0,0.0,-1.6640460988315287e-09,0.0,0.0,0.0,0.0,0.0285770706939459,6.113040004167292e-05,1e-07,0.0
2025-07-31,PL,dpd90_rate,0.015387046023407255,0.015387046023407255,0.0,0.015387046023407255,0.0,0.015387046023407255,0.0,0.015387046023407255,,0.0153870460234072,0.0153870471768756,,0.0153870460234072,-5.551115123125783e-17,0.0,0.0,0.0,0.0,1.153468400655333e-09,0.0,0.0,0.0,0.0153870471768756,1.1534683451441818e-09,1e-07,0.0
2025-07-31,PL,new_accounts,197.0,197.0,0.0,197.0,0.0,197.0,0.0,197.0,,197.0,,,197.0,0.0,0.0,0.0,0.0,0.0,0.0,0.0,0.0,0.0,197.0,0.0,0.5,0.0
2025-07-31,PL,new_originations_eur,1113499.4838,1113499.4838,0.0,1113499.4838,0.0,1113499.4838,0.0,1113499.4838,1111340.6553,1113499.4838,1111340.79,,1113499.4838,0.0,0.0,-2158.8285000000615,0.13470000005327165,0.0,0.0,0.0,0.0,0.0,1111340.79,-2158.693800000008,0.1,0.0
2025-07-31,PL,portfolio_balance_eur,11284086.806970121,10750412.567062082,-533674.2399080396,10750412.567062082,0.0,10750412.567062082,0.0,10750412.567062082,,10750412.56706208,10750412.22,,10750412.56706208,-1.862645149230957e-09,-0.34706207923591137,0.0,0.0,0.0,0.0,0.0,0.0,0.0,10750412.22,-533674.5869701207,0.1,0.0
2025-07-31,RO,approval_rate,0.5238095238095238,0.5238095238095238,0.0,0.5238095238095238,0.0,0.5238095238095238,0.0,0.5238095238095238,,0.5238095238095238,0.5657142857142857,,0.5238095238095238,0.0,0.0,0.0,0.0,0.0,0.0,0.04190476190476189,0.0,0.0,0.5657142857142857,0.04190476190476189,1e-07,0.0
2025-07-31,RO,avg_balance_per_customer_eur,3117.732521418037,2951.1721833265215,-166.5603380915154,2743.9154092191466,-207.2567741073749,2743.9154092191466,0.0,2743.9154092191466,,2743.915409219147,2880.8551445895523,2880.8552174217816,2743.915409219147,4.547473508864641e-13,0.0,0.0,0.0,0.0,0.0,0.0,136.9398082026346,-7.283222930709599e-05,2880.8551445895523,-236.87737682848456,0.1,0.0
2025-07-31,RO,dpd30_rate,0.03176464382832641,0.03176464382832641,0.0,0.03176464382832641,0.0,0.03738635400364938,0.005621710175322973,0.03738635400364938,,0.0373863540036493,0.0373863535088046,,0.0373863540036493,-8.326672684688674e-17,0.0,0.0,0.0,-4.948446999386569e-10,0.0,0.0,0.0,0.0,0.0373863535088046,0.00562170968047819,1e-07,0.0
2025-07-31,RO,dpd90_rate,0.008469403331735315,0.008469403331735315,0.0,0.008469403331735315,0.0,0.008469403331735315,0.0,0.008469403331735315,,0.0084694033317353,0.0084694013567369,,0.0084694033317353,-1.5612511283791264e-17,0.0,0.0,0.0,0.0,-1.9749983991984577e-09,0.0,0.0,0.0,0.0084694013567369,-1.974998414810969e-09,1e-07,0.0
2025-07-31,RO,new_accounts,100.0,100.0,0.0,100.0,0.0,100.0,0.0,100.0,,100.0,,,100.0,0.0,0.0,0.0,0.0,0.0,0.0,0.0,0.0,0.0,100.0,0.0,0.5,0.0
2025-07-31,RO,new_originations_eur,502879.27999999997,502879.27999999997,0.0,467562.758,-35316.522,467562.758,0.0,467562.758,468924.931,467562.758,468924.94,,467562.758,0.0,0.0,1362.1730000000098,0.009000000020023435,0.0,0.0,0.0,0.0,0.0,468924.94,-33954.33999999997,0.1,0.0
2025-07-31,RO,portfolio_balance_eur,7018015.905712001,6643088.584668,-374927.3210440008,6176553.586152299,-466534.9985157009,6176553.586152299,0.0,6176553.586152299,,6176553.5861523,6176553.43,,6176553.5861523,9.313225746154785e-10,-0.15615230053663254,0.0,0.0,0.0,0.0,0.0,0.0,0.0,6176553.43,-841462.4757120013,0.1,0.0
2025-08-31,CZ,approval_rate,0.472,0.472,0.0,0.472,0.0,0.472,0.0,0.472,,0.472,0.5175438596491229,,0.472,0.0,0.0,0.0,0.0,0.0,0.0,0.045543859649122886,0.0,0.0,0.5175438596491229,0.045543859649122886,1e-07,0.0
2025-08-31,CZ,avg_balance_per_customer_eur,2898.3564121391955,2730.6314381850793,-167.7249739541162,2730.6314381850793,0.0,2730.6314381850793,0.0,2730.6314381850793,,2730.631438185079,2849.3112710007304,2849.3111829418444,2730.631438185079,-4.547473508864641e-13,0.0,0.0,0.0,0.0,0.0,0.0,118.67974475676556,8.805888592178235e-05,2849.3112710007304,-49.04514113846517,0.1,0.0
2025-08-31,CZ,dpd30_rate,0.03262688089547133,0.03262688089547133,0.0,0.03262688089547133,0.0,0.029199916326284478,-0.003426964569186855,0.029199916326284478,,0.0291999163262844,0.0291999171442537,,0.0291999163262844,-7.632783294297951e-17,0.0,0.0,0.0,8.179692999321642e-10,0.0,0.0,0.0,0.0,0.0291999171442537,-0.0034269637512176314,1e-07,0.0
2025-08-31,CZ,dpd90_rate,0.010991059401857978,0.010991059401857978,0.0,0.010991059401857978,0.0,0.010991059401857978,0.0,0.010991059401857978,,0.0109910594018579,0.0109910584340639,,0.0109910594018579,-7.806255641895632e-17,0.0,0.0,0.0,0.0,-9.677940011887376e-10,0.0,0.0,0.0,0.0109910584340639,-9.67794079251294e-10,1e-07,0.0
2025-08-31,CZ,new_accounts,127.0,127.0,0.0,127.0,0.0,127.0,0.0,127.0,,127.0,,,127.0,0.0,0.0,0.0,0.0,0.0,0.0,0.0,0.0,0.0,127.0,0.0,0.5,0.0
2025-08-31,CZ,new_originations_eur,651617.14,651617.14,0.0,651617.14,0.0,651617.14,0.0,651617.14,655273.82,651617.14,655273.89,,651617.14,0.0,0.0,3656.679999999935,0.07000000006519258,0.0,0.0,0.0,0.0,0.0,655273.89,3656.75,0.1,0.0
2025-08-31,CZ,portfolio_balance_eur,8280604.269481681,7801414.018894771,-479190.2505869102,7801414.018894771,0.0,7801414.018894771,0.0,7801414.018894771,,7801414.01889477,7801414.26,,7801414.01889477,-9.313225746154785e-10,0.24110522959381342,0.0,0.0,0.0,0.0,0.0,0.0,0.0,7801414.26,-479190.0094816815,0.1,0.0
2025-08-31,GROUP,approval_rate,0.5221556886227545,0.5221556886227545,0.0,0.5221556886227545,0.0,0.5221556886227545,0.0,0.5221556886227545,,0.5221556886227545,0.575197889182058,,0.5221556886227545,0.0,0.0,0.0,0.0,0.0,0.0,0.05304220055930353,0.0,0.0,0.575197889182058,0.05304220055930353,1e-07,0.0
2025-08-31,GROUP,avg_balance_per_customer_eur,2962.2601496815446,2798.4078439215236,-163.85230576002095,2742.583452550372,-55.824391371151705,2742.583452550372,0.0,2742.583452550372,,2742.583452550372,2871.3979915020677,2871.397948656608,2742.583452550372,0.0,0.0,0.0,0.0,0.0,0.0,0.0,128.81449610623622,4.284545957489172e-05,2871.3979915020677,-90.86215817947686,0.1,0.0
2025-08-31,GROUP,dpd30_rate,0.031761183501724057,0.031755847590159106,-5.335911564950668e-06,0.031657909870104084,-9.793772005502188e-05,0.03224329336051637,0.000585383490412289,0.03224329336051637,,0.0322432933605163,0.0322432946228233,,0.0322432933605163,-7.632783294297951e-17,0.0,0.0,0.0,1.2623070019812666e-09,0.0,0.0,0.0,0.0,0.0322432946228233,0.0004821111210992421,1e-07,0.0
2025-08-31,GROUP,dpd90_rate,0.01181999715442332,0.01182478686853134,4.78971410801908e-06,0.011910709067207067,8.592219867572734e-05,0.011910709067207067,0.0,0.011910709067207067,,0.011910709067207,0.0119107089833267,,0.011910709067207,-6.591949208711867e-17,0.0,0.0,0.0,0.0,-8.388030027506321e-11,0.0,0.0,0.0,0.0119107089833267,9.071182890338023e-05,1e-07,0.0
2025-08-31,GROUP,new_accounts,417.0,417.0,0.0,417.0,0.0,417.0,0.0,417.0,,417.0,,,417.0,0.0,0.0,0.0,0.0,0.0,0.0,0.0,0.0,0.0,417.0,0.0,0.5,0.0
2025-08-31,GROUP,new_originations_eur,2003139.0616000001,2003139.0616000001,0.0,1961472.2644000002,-41666.79719999991,1961472.2644000002,0.0,1961472.2644000002,1962669.6024,1961472.2644,1962669.72,,1961472.2644,-2.3283064365386963e-10,0.0,1197.3379999999888,0.11759999999776483,0.0,0.0,0.0,0.0,0.0,1962669.72,-40469.34160000016,0.1,0.0
2025-08-31,GROUP,portfolio_balance_eur,27006925.78464664,25513084.31303253,-1493841.4716141112,25004133.33690174,-508950.976130791,25004133.33690174,0.0,25004133.33690174,,25004133.33690174,25004133.71,,25004133.33690174,0.0,0.373098261654377,0.0,0.0,0.0,0.0,0.0,0.0,0.0,25004133.71,-2002792.0746466406,0.1,0.0
2025-08-31,PL,approval_rate,0.527027027027027,0.527027027027027,0.0,0.527027027027027,0.0,0.527027027027027,0.0,0.527027027027027,,0.527027027027027,0.5769230769230769,,0.527027027027027,0.0,0.0,0.0,0.0,0.0,0.0,0.0498960498960499,0.0,0.0,0.5769230769230769,0.0498960498960499,1e-07,0.0
2025-08-31,PL,avg_balance_per_customer_eur,2923.8348960610947,2768.7135151657603,-155.12138089533437,2768.7135151657603,0.0,2768.7135151657603,0.0,2768.7135151657603,,2768.713515165761,2899.5767976633038,2899.5767668119383,2768.713515165761,4.547473508864641e-13,0.0,0.0,0.0,0.0,0.0,0.0,130.86325164617756,3.085136540903477e-05,2899.5767976633038,-24.258098397790945,0.1,0.0
2025-08-31,PL,dpd30_rate,0.02814087966062671,0.02814087966062671,0.0,0.02814087966062671,0.0,0.03310100832299583,0.0049601286623691225,0.03310100832299583,,0.0331010083229958,0.0331010113840646,,0.0331010083229958,-3.469446951953614e-17,0.0,0.0,0.0,3.0610688012133735e-09,0.0,0.0,0.0,0.0,0.0331010113840646,0.004960131723437889,1e-07,0.0
2025-08-31,PL,dpd90_rate,0.015045944850516932,0.015045944850516932,0.0,0.015045944850516932,0.0,0.015045944850516932,0.0,0.015045944850516932,,0.0150459448505169,0.0150459437365363,,0.0150459448505169,-3.122502256758253e-17,0.0,0.0,0.0,0.0,-1.1139806004728525e-09,0.0,0.0,0.0,0.0150459437365363,-1.113980631697875e-09,1e-07,0.0
2025-08-31,PL,new_accounts,175.0,175.0,0.0,175.0,0.0,175.0,0.0,175.0,,175.0,,,175.0,0.0,0.0,0.0,0.0,0.0,0.0,0.0,0.0,0.0,175.0,0.0,0.5,0.0
2025-08-31,PL,new_originations_eur,795485.6016,795485.6016,0.0,795485.6016,0.0,795485.6016,0.0,795485.6016,792810.6988,795485.6016,792810.74,,795485.6016,0.0,0.0,-2674.90280000004,0.04119999997783452,0.0,0.0,0.0,0.0,0.0,792810.74,-2674.861600000062,0.1,0.0
2025-08-31,PL,portfolio_balance_eur,11531604.830064958,10919806.103813758,-611798.7262511998,10919806.103813758,0.0,10919806.103813758,0.0,10919806.103813758,,10919806.10381376,10919806.22,,10919806.10381376,1.862645149230957e-09,0.11618624068796635,0.0,0.0,0.0,0.0,0.0,0.0,0.0,10919806.22,-611798.6100649573,0.1,0.0
2025-08-31,RO,approval_rate,0.5720930232558139,0.5720930232558139,0.0,0.5720930232558139,0.0,0.5720930232558139,0.0,0.5720930232558139,,0.5720930232558139,0.640625,,0.5720930232558139,0.0,0.0,0.0,0.0,0.0,0.0,0.0685319767441861,0.0,0.0,0.640625,0.0685319767441861,1e-07,0.0
2025-08-31,RO,avg_balance_per_customer_eur,3106.5270661053537,2932.5838472901555,-173.94321881519818,2712.829539807086,-219.75430748306962,2712.829539807086,0.0,2712.829539807086,,2712.829539807085,2850.686583484574,2850.686576312709,2712.829539807085,-9.094947017729282e-13,0.0,0.0,0.0,0.0,0.0,0.0,137.8570365056239,7.1718650360708125e-06,2850.686583484574,-255.84048262077977,0.1,0.0
2025-08-31,RO,dpd30_rate,0.036567406906902855,0.036567406906902855,0.0,0.036567406906902855,0.0,0.0345314935451929,-0.002035913361709954,0.0345314935451929,,0.0345314935451929,0.0345314923281218,,0.0345314935451929,0.0,0.0,0.0,0.0,-1.2170711036207926e-09,0.0,0.0,0.0,0.0,0.0345314923281218,-0.0020359145787810576,1e-07,0.0
2025-08-31,RO,dpd90_rate,0.007603535288230853,0.007603535288230853,0.0,0.007603535288230853,0.0,0.007603535288230853,0.0,0.007603535288230853,,0.0076035352882308,0.0076035380803754,,0.0076035352882308,-5.2909066017292616e-17,0.0,0.0,0.0,0.0,2.7921445997294847e-09,0.0,0.0,0.0,0.0076035380803754,2.7921445468204187e-09,1e-07,0.0
2025-08-31,RO,new_accounts,115.0,115.0,0.0,115.0,0.0,115.0,0.0,115.0,,115.0,,,115.0,0.0,0.0,0.0,0.0,0.0,0.0,0.0,0.0,0.0,115.0,0.0,0.5,0.0
2025-08-31,RO,new_originations_eur,556036.32,556036.32,0.0,514369.52280000004,-41666.79719999991,514369.52280000004,0.0,514369.52280000004,514585.0836,514369.5228,514585.09,,514369.5228,-5.820766091346741e-11,0.0,215.56080000003567,0.006400000012945384,0.0,0.0,0.0,0.0,0.0,514585.09,-41451.22999999992,0.1,0.0
2025-08-31,RO,portfolio_balance_eur,7194716.685099999,6791864.190324,-402852.49477599934,6282913.214193211,-508950.97613078915,6282913.214193211,0.0,6282913.214193211,,6282913.21419321,6282913.23,,6282913.21419321,-9.313225746154785e-10,0.015806790441274643,0.0,0.0,0.0,0.0,0.0,0.0,0.0,6282913.23,-911803.455099999,0.1,0.0
2025-09-30,CZ,approval_rate,0.5052631578947369,0.5052631578947369,0.0,0.5052631578947369,0.0,0.5052631578947369,0.0,0.5052631578947369,,0.5052631578947369,0.5581395348837209,,0.5052631578947369,0.0,0.0,0.0,0.0,0.0,0.0,0.052876376988984064,0.0,0.0,0.5581395348837209,0.052876376988984064,1e-07,0.0
2025-09-30,CZ,avg_balance_per_customer_eur,2899.9316142607786,2712.398725734596,-187.53288852618243,2712.398725734596,0.0,2712.398725734596,0.0,2712.398725734596,,2712.398725734596,2827.7169274740977,2827.7168566250625,2712.398725734596,0.0,0.0,0.0,0.0,0.0,0.0,0.0,115.31813089046636,7.084903518261854e-05,2827.7169274740977,-72.21468678668089,0.1,0.0
2025-09-30,CZ,dpd30_rate,0.02856156163807353,0.02856156163807353,0.0,0.02856156163807353,0.0,0.02961382683965788,0.00105226520158435,0.02961382683965788,,0.0296138268396578,0.0296138312721801,,0.0296138268396578,-7.979727989493313e-17,0.0,0.0,0.0,4.432522300590325e-09,0.0,0.0,0.0,0.0,0.0296138312721801,0.0010522696341065708,1e-07,0.0
2025-09-30,CZ,dpd90_rate,0.015192520141429222,0.015192520141429222,0.0,0.015192520141429222,0.0,0.015192520141429222,0.0,0.015192520141429222,,0.0151925201414292,0.0151925214423656,,0.0151925201414292,-2.2551405187698492e-17,0.0,0.0,0.0,0.0,1.3009364002725121e-09,0.0,0.0,0.0,0.0151925214423656,1.300936377721107e-09,1e-07,0.0
2025-09-30,CZ,new_accounts,119.0,119.0,0.0,119.0,0.0,119.0,0.0,119.0,,119.0,,,119.0,0.0,0.0,0.0,0.0,0.0,0.0,0.0,0.0,0.0,119.0,0.0,0.5,0.0
2025-09-30,CZ,new_originations_eur,618178.62,618178.62,0.0,618178.62,0.0,618178.62,0.0,618178.62,621117.54,618178.62,621117.86,,618178.62,0.0,0.0,2938.920000000042,0.31999999994877726,0.0,0.0,0.0,0.0,0.0,621117.86,2939.2399999999907,0.1,0.0
2025-09-30,CZ,portfolio_balance_eur,8462000.450412951,7914779.481693551,-547220.9687194005,7914779.481693551,0.0,7914779.481693551,0.0,7914779.481693551,,7914779.48169355,7914779.68,,7914779.48169355,-9.313225746154785e-10,0.19830644968897104,0.0,0.0,0.0,0.0,0.0,0.0,0.0,7914779.68,-547220.7704129517,0.1,0.0
2025-09-30,GROUP,approval_rate,0.4994731296101159,0.4994731296101159,0.0,0.4994731296101159,0.0,0.4994731296101159,0.0,0.4994731296101159,,0.4994731296101159,0.5663082437275986,,0.4994731296101159,0.0,0.0,0.0,0.0,0.0,0.0,0.06683511411748266,0.0,0.0,0.5663082437275986,0.06683511411748266,1e-07,0.0
2025-09-30,GROUP,avg_balance_per_customer_eur,2967.5715711517087,2784.324552454757,-183.24701869695173,2730.665421091805,-53.65913136295194,2730.665421091805,0.0,2730.665421091805,,2730.6654210918045,2855.936499609332,2855.936487959617,2730.6654210918045,-4.547473508864641e-13,0.0,0.0,0.0,0.0,0.0,0.0,125.27106686781235,1.1649714906525332e-05,2855.936499609332,-111.63507154237686,0.1,0.0
2025-09-30,GROUP,dpd30_rate,0.031347387525026506,0.03135233389413731,4.9463691108031504e-06,0.0313062795853893,-4.605430874801003e-05,0.03214722604965606,0.0008409464642667591,0.03214722604965606,,0.032147226049656,0.0321472272908674,,0.032147226049656,-5.551115123125783e-17,0.0,0.0,0.0,1.2412113975512895e-09,0.0,0.0,0.0,0.0,0.0321472272908674,0.0007998397658408943,1e-07,0.0
2025-09-30,GROUP,dpd90_rate,0.015786025712435838,0.015792518827576665,6.493115140827205e-06,0.015678340000462396,-0.00011417882711426894,0.015678340000462396,0.0,0.015678340000462396,,0.0156783400004623,0.0156783399588947,,0.0156783400004623,-9.71445146547012e-17,0.0,0.0,0.0,0.0,-4.156760005646909e-11,0.0,0.0,0.0,0.0156783399588947,-0.00010768575354113893,1e-07,0.0
2025-09-30,GROUP,new_accounts,427.0,427.0,0.0,427.0,0.0,427.0,0.0,427.0,,427.0,,,427.0,0.0,0.0,0.0,0.0,0.0,0.0,0.0,0.0,0.0,427.0,0.0,0.5,0.0
2025-09-30,GROUP,new_originations_eur,2300058.1648,2300058.1648,0.0,2256771.5526,-43286.61219999986,2256771.5526,0.0,2256771.5526,2265271.8609,2256771.5526,2265272.11,,2256771.5526,0.0,0.0,8500.30830000015,0.249099999666214,0.0,0.0,0.0,0.0,0.0,2265272.11,-34786.05480000004,0.1,0.0
2025-09-30,GROUP,portfolio_balance_eur,27806145.62169151,26089121.056501072,-1717024.5651904382,25586334.995630212,-502786.0608708598,25586334.995630212,0.0,25586334.995630212,,25586334.99563021,25586335.1,,25586334.99563021,-3.725290298461914e-09,0.10436979308724403,0.0,0.0,0.0,0.0,0.0,0.0,0.0,25586335.1,-2219810.5216915086,0.1,0.0
2025-09-30,PL,approval_rate,0.508235294117647,0.508235294117647,0.0,0.508235294117647,0.0,0.508235294117647,0.0,0.508235294117647,,0.508235294117647,0.5853658536585366,,0.508235294117647,0.0,0.0,0.0,0.0,0.0,0.0,0.07713055954088954,0.0,0.0,0.5853658536585366,0.07713055954088954,1e-07,0.0
2025-09-30,PL,avg_balance_per_customer_eur,2939.849614948982,2758.010864648185,-181.83875030079707,2758.010864648185,0.0,2758.010864648185,0.0,2758.010864648185,,2758.010864648185,2887.991758949266,2887.99180418736,2758.010864648185,0.0,0.0,0.0,0.0,0.0,0.0,0.0,129.98093953917487,-4.5238093662192114e-05,2887.991758949266,-51.857855999715866,0.1,0.0
2025-09-30,PL,dpd30_rate,0.03186738521957326,0.03186738521957326,0.0,0.03186738521957326,0.0,0.03183327671089876,-3.410850867450327e-05,0.03183327671089876,,0.0318332767108987,0.0318332760838346,,0.0318332767108987,-5.551115123125783e-17,0.0,0.0,0.0,-6.27064102032282e-10,0.0,0.0,0.0,0.0,0.0318332760838346,-3.410913573866081e-05,1e-07,0.0
2025-09-30,PL,dpd90_rate,0.012609598197169058,0.012609598197169058,0.0,0.012609598197169058,0.0,0.012609598197169058,0.0,0.012609598197169058,,0.012609598197169,0.0126095980122118,,0.012609598197169,-5.898059818321144e-17,0.0,0.0,0.0,0.0,-1.8495719886213458e-10,0.0,0.0,0.0,0.0126095980122118,-1.8495725784273276e-10,1e-07,0.0
2025-09-30,PL,new_accounts,199.0,199.0,0.0,199.0,0.0,199.0,0.0,199.0,,199.0,,,199.0,0.0,0.0,0.0,0.0,0.0,0.0,0.0,0.0,0.0,199.0,0.0,0.5,0.0
2025-09-30,PL,new_originations_eur,1082645.5848,1082645.5848,0.0,1082645.5848,0.0,1082645.5848,0.0,1082645.5848,1089404.2497,1082645.5848,1089404.24,,1082645.5848,0.0,0.0,6758.664899999974,-0.009700000053271651,0.0,0.0,0.0,0.0,0.0,1089404.24,6758.655199999921,0.1,0.0
2025-09-30,PL,portfolio_balance_eur,11953428.534382561,11214072.17565952,-739356.3587230407,11214072.17565952,0.0,11214072.17565952,0.0,11214072.17565952,,11214072.17565952,11214072.0,,11214072.17565952,0.0,-0.1756595205515623,0.0,0.0,0.0,0.0,0.0,0.0,0.0,11214072.0,-739356.5343825612,0.1,0.0
2025-09-30,RO,approval_rate,0.4769874476987448,0.4769874476987448,0.0,0.4769874476987448,0.0,0.4769874476987448,0.0,0.4769874476987448,,0.4769874476987448,0.5428571428571428,,0.4769874476987448,0.0,0.0,0.0,0.0,0.0,0.0,0.06586969515839802,0.0,0.0,0.5428571428571428,0.06586969515839802,1e-07,0.0
2025-09-30,RO,avg_balance_per_customer_eur,3097.534214960603,2917.1288345129924,-180.4053804476107,2706.405422580528,-210.7234119324644,2706.405422580528,0.0,2706.405422580528,,2706.405422580528,2835.9610979358804,2835.9610620452963,2706.405422580528,0.0,0.0,0.0,0.0,0.0,0.0,0.0,129.55563946476832,3.589058405850665e-05,2835.9610979358804,-261.5731170247227,0.1,0.0
2025-09-30,RO,dpd30_rate,0.03369599666310459,0.03369599666310459,0.0,0.03369599666310459,0.0,0.035797556278281344,0.0021015596151767527,0.035797556278281344,,0.0357975562782813,0.0357975568754925,,0.0357975562782813,-4.163336342344337e-17,0.0,0.0,0.0,5.972111971619398e-10,0.0,0.0,0.0,0.0,0.0357975568754925,0.002101560212387908,1e-07,0.0
2025-09-30,RO,dpd90_rate,0.02160297768336463,0.02160297768336463,0.0,0.02160297768336463,0.0,0.02160297768336463,0.0,0.02160297768336463,,0.0216029776833646,0.0216029761017953,,0.0216029776833646,-3.122502256758253e-17,0.0,0.0,0.0,0.0,-1.5815692991361097e-09,0.0,0.0,0.0,0.0216029761017953,-1.5815693303611322e-09,1e-07,0.0
2025-09-30,RO,new_accounts,109.0,109.0,0.0,109.0,0.0,109.0,0.0,109.0,,109.0,,,109.0,0.0,0.0,0.0,0.0,0.0,0.0,0.0,0.0,0.0,109.0,0.0,0.5,0.0
2025-09-30,RO,new_originations_eur,599233.96,599233.96,0.0,555947.3478,-43286.612199999974,555947.3478,0.0,555947.3478,554750.0712,555947.3478,554750.01,,555947.3478,0.0,0.0,-1197.2765999999829,-0.061199999996460974,0.0,0.0,0.0,0.0,0.0,554750.01,-44483.94999999995,0.1,0.0
2025-09-30,RO,portfolio_balance_eur,7390716.636895999,6960269.3991479995,-430447.23774799984,6457483.33827714,-502786.0608708598,6457483.33827714,0.0,6457483.33827714,,6457483.33827714,6457483.42,,6457483.33827714,0.0,0.081722860224545,0.0,0.0,0.0,0.0,0.0,0.0,0.0,6457483.42,-933233.2168959994,0.1,0.0
2025-10-31,CZ,approval_rate,0.5031847133757962,0.5031847133757962,0.0,0.5031847133757962,0.0,0.5031847133757962,0.0,0.5031847133757962,,0.5031847133757962,0.5448275862068965,,0.5031847133757962,0.0,0.0,0.0,0.0,0.0,0.0,0.04164287283110035,0.0,0.0,0.5448275862068965,0.04164287283110035,1e-07,0.0
2025-10-31,CZ,avg_balance_per_customer_eur,2914.8635795789305,2706.103994542396,-208.75958503653465,2706.103994542396,0.0,2706.103994542396,0.0,2706.103994542396,,2706.103994542396,2816.728045345242,2816.72796408913,2706.103994542396,0.0,0.0,0.0,0.0,0.0,0.0,0.0,110.62396954673432,8.125611202558503e-05,2816.728045345242,-98.1355342336883,0.1,0.0
2025-10-31,CZ,dpd30_rate,0.028589821069898592,0.028589821069898592,0.0,0.028589821069898592,0.0,0.030915241008514817,0.002325419938616225,0.030915241008514817,,0.0309152410085148,0.0309152294731348,,0.0309152410085148,-1.734723475976807e-17,0.0,0.0,0.0,-1.1535379998428574e-08,0.0,0.0,0.0,0.0,0.0309152294731348,0.0023254084032362093,1e-07,0.0
2025-10-31,CZ,dpd90_rate,0.018481236977370835,0.018481236977370835,0.0,0.018481236977370835,0.0,0.018481236977370835,0.0,0.018481236977370835,,0.0184812369773708,0.0184812288703611,,0.0184812369773708,-3.469446951953614e-17,0.0,0.0,0.0,0.0,-8.107009698971046e-09,0.0,0.0,0.0,0.0184812288703611,-8.107009733665516e-09,1e-07,0.0
2025-10-31,CZ,new_accounts,155.0,155.0,0.0,155.0,0.0,155.0,0.0,155.0,,155.0,,,155.0,0.0,0.0,0.0,0.0,0.0,0.0,0.0,0.0,0.0,155.0,0.0,0.5,0.0
2025-10-31,CZ,new_originations_eur,757970.073,757970.073,0.0,757970.073,0.0,757970.073,0.0,757970.073,756699.552,757970.073,756699.55,,757970.073,0.0,0.0,-1270.5209999999497,-0.001999999978579581,0.0,0.0,0.0,0.0,0.0,756699.55,-1270.5229999999283,0.1,0.0
2025-10-31,CZ,portfolio_balance_eur,8832036.64612416,8199495.10346346,-632541.5426607002,8199495.10346346,0.0,8199495.10346346,0.0,8199495.10346346,,8199495.10346346,8199495.34,,8199495.10346346,0.0,0.23653654009103775,0.0,0.0,0.0,0.0,0.0,0.0,0.0,8199495.34,-632541.3061241601,0.1,0.0
2025-10-31,GROUP,approval_rate,0.496900826446281,0.496900826446281,0.0,0.496900826446281,0.0,0.496900826446281,0.0,0.496900826446281,,0.496900826446281,0.5509736540664376,,0.496900826446281,0.0,0.0,0.0,0.0,0.0,0.0,0.05407282762015664,0.0,0.0,0.5509736540664376,0.05407282762015664,1e-07,0.0
2025-10-31,GROUP,avg_balance_per_customer_eur,2968.7288998839635,2765.6905975473346,-203.03830233662893,2716.5177466381197,-49.17285090921496,2716.5177466381197,0.0,2716.5177466381197,,2716.51774663812,2837.4214291887224,2837.4214207890222,2716.51774663812,4.547473508864641e-13,0.0,0.0,0.0,0.0,0.0,0.0,120.90367415090213,8.3997001638636e-06,2837.4214291887224,-131.30747069524114,0.1,0.0
2025-10-31,GROUP,dpd30_rate,0.03143479846836226,0.03143872648766106,3.928019298798935e-06,0.03137976240236624,-5.8964085294814506e-05,0.03513020478001112,0.0037504423776448803,0.03513020478001112,,0.0351302047800111,0.0351302022662698,,0.0351302047800111,-2.0816681711721685e-17,0.0,0.0,0.0,-2.513741305387729e-09,0.0,0.0,0.0,0.0,0.0351302022662698,0.0036954037979075385,1e-07,0.0
2025-10-31,GROUP,dpd90_rate,0.01826571793748858,0.018264637025299176,-1.0809121894043983e-06,0.01820634270023443,-5.8294325064746355e-05,0.01820634270023443,0.0,0.01820634270023443,,0.0182063427002344,0.018206340700583,,0.0182063427002344,-3.122502256758253e-17,0.0,0.0,0.0,0.0,-1.999651399325897e-09,0.0,0.0,0.0,0.018206340700583,-5.9377236905581304e-05,1e-07,0.0
2025-10-31,GROUP,new_accounts,455.0,455.0,0.0,455.0,0.0,455.0,0.0,455.0,,455.0,,,455.0,0.0,0.0,0.0,0.0,0.0,0.0,0.0,0.0,0.0,455.0,0.0,0.5,0.0
2025-10-31,GROUP,new_originations_eur,2244451.68,2244451.68,0.0,2200963.9434,-43487.736599999946,2200963.9434,0.0,2200963.9434,2203165.0295,2200963.9434,2203165.09,,2200963.9434,0.0,0.0,2201.086099999957,0.060499999672174454,0.0,0.0,0.0,0.0,0.0,2203165.09,-41286.59000000032,0.1,0.0
2025-10-31,GROUP,portfolio_balance_eur,28704639.732978042,26741462.38768518,-1963177.3452928625,26266010.09224398,-475452.2954411991,26266010.09224398,0.0,26266010.09224398,,26266010.09224398,26266010.17,,26266010.09224398,0.0,0.07775602117180824,0.0,0.0,0.0,0.0,0.0,0.0,0.0,26266010.17,-2438629.5629780404,0.1,0.0
2025-10-31,PL,approval_rate,0.475,0.475,0.0,0.475,0.0,0.475,0.0,0.475,,0.475,0.5307262569832403,,0.475,0.0,0.0,0.0,0.0,0.0,0.0,0.055726256983240297,0.0,0.0,0.5307262569832403,0.055726256983240297,1e-07,0.0
2025-10-31,PL,avg_balance_per_customer_eur,2917.5621278384183,2723.0943239649378,-194.46780387348053,2723.0943239649378,0.0,2723.0943239649378,0.0,2723.0943239649378,,2723.0943239649378,2850.162902659308,2850.1629502212045,2723.0943239649378,0.0,0.0,0.0,0.0,0.0,0.0,0.0,127.06862625626673,-4.756189628096763e-05,2850.162902659308,-67.39922517911009,0.1,0.0
2025-10-31,PL,dpd30_rate,0.0314358474211065,0.0314358474211065,0.0,0.0314358474211065,0.0,0.03608719696196897,0.004651349540862472,0.03608719696196897,,0.0360871969619689,0.0360871988362056,,0.0360871969619689,-6.938893903907228e-17,0.0,0.0,0.0,1.8742366963975243e-09,0.0,0.0,0.0,0.0,0.0360871988362056,0.004651351415099099,1e-07,0.0
2025-10-31,PL,dpd90_rate,0.016072651664410856,0.016072651664410856,0.0,0.016072651664410856,0.0,0.016072651664410856,0.0,0.016072651664410856,,0.0160726516644108,0.0160726528414653,,0.0160726516644108,-5.551115123125783e-17,0.0,0.0,0.0,0.0,1.1770544990075127e-09,0.0,0.0,0.0,0.0160726528414653,1.1770544434963615e-09,1e-07,0.0
2025-10-31,PL,new_accounts,175.0,175.0,0.0,175.0,0.0,175.0,0.0,175.0,,175.0,,,175.0,0.0,0.0,0.0,0.0,0.0,0.0,0.0,0.0,0.0,175.0,0.0,0.5,0.0
2025-10-31,PL,new_originations_eur,829644.087,829644.087,0.0,829644.087,0.0,829644.087,0.0,829644.087,834287.6855,829644.087,834287.72,,829644.087,0.0,0.0,4643.598499999964,0.034499999950639904,0.0,0.0,0.0,0.0,0.0,834287.72,4643.632999999914,0.1,0.0
2025-10-31,PL,portfolio_balance_eur,12172069.197341882,11360749.51958172,-811319.6777601615,11360749.51958172,0.0,11360749.51958172,0.0,11360749.51958172,,11360749.51958172,11360749.33,,11360749.51958172,0.0,-0.18958172015845776,0.0,0.0,0.0,0.0,0.0,0.0,0.0,11360749.33,-811319.8673418816,0.1,0.0
2025-10-31,RO,approval_rate,0.5236220472440944,0.5236220472440944,0.0,0.5236220472440944,0.0,0.5236220472440944,0.0,0.5236220472440944,,0.5236220472440944,0.5911111111111111,,0.5236220472440944,0.0,0.0,0.0,0.0,0.0,0.0,0.0674890638670167,0.0,0.0,0.5911111111111111,0.0674890638670167,1e-07,0.0
2025-10-31,RO,avg_balance_per_customer_eur,3121.4162503088764,2910.9111328090803,-210.50511749979614,2718.1862461284154,-192.7248866806649,2718.1862461284154,0.0,2718.1862461284154,,2718.186246128415,2841.426059322034,2841.426046270678,2718.186246128415,-4.547473508864641e-13,0.0,0.0,0.0,0.0,0.0,0.0,123.239800142263,1.3051355836068979e-05,2841.426059322034,-279.99019098684266,0.1,0.0
2025-10-31,RO,dpd30_rate,0.034696153729644026,0.034696153729644026,0.0,0.034696153729644026,0.0,0.0386627509811936,0.003966597251549575,0.0386627509811936,,0.0386627509811935,0.0386627522241867,,0.0386627509811935,-1.0408340855860843e-16,0.0,0.0,0.0,1.2429932014224043e-09,0.0,0.0,0.0,0.0,0.0386627522241867,0.0039665984945426724,1e-07,0.0
2025-10-31,RO,dpd90_rate,0.02148506385918443,0.02148506385918443,0.0,0.02148506385918443,0.0,0.02148506385918443,0.0,0.02148506385918443,,0.0214850638591844,0.0214850638603452,,0.0214850638591844,-3.122502256758253e-17,0.0,0.0,0.0,0.0,1.1608006222907363e-12,0.0,0.0,0.0,0.0214850638603452,1.1607693972681687e-12,1e-07,0.0
2025-10-31,RO,new_accounts,125.0,125.0,0.0,125.0,0.0,125.0,0.0,125.0,,125.0,,,125.0,0.0,0.0,0.0,0.0,0.0,0.0,0.0,0.0,0.0,125.0,0.0,0.5,0.0
2025-10-31,RO,new_originations_eur,656837.52,656837.52,0.0,613349.7834,-43487.73660000006,613349.7834,0.0,613349.7834,612177.792,613349.7834,612177.82,,613349.7834,0.0,0.0,-1171.9913999999408,0.027999999932944775,0.0,0.0,0.0,0.0,0.0,612177.82,-44659.70000000007,0.1,0.0
2025-10-31,RO,portfolio_balance_eur,7700533.889511999,7181217.764640001,-519316.1248719981,6705765.469198801,-475452.2954412,6705765.469198801,0.0,6705765.469198801,,6705765.4691988,6705765.5,,6705765.4691988,-9.313225746154785e-10,0.030801200307905674,0.0,0.0,0.0,0.0,0.0,0.0,0.0,6705765.5,-994768.3895119987,0.1,0.0
2025-11-30,CZ,approval_rate,0.48788927335640137,0.48788927335640137,0.0,0.48788927335640137,0.0,0.48788927335640137,0.0,0.48788927335640137,,0.4878892733564013,0.5444015444015444,,0.4878892733564013,-5.551115123125783e-17,0.0,0.0,0.0,0.0,0.0,0.056512271045143114,0.0,0.0,0.5444015444015444,0.05651227104514306,1e-07,0.0
2025-11-30,CZ,avg_balance_per_customer_eur,2893.196637201564,2676.195529532008,-217.00110766955595,2676.195529532008,0.0,2676.195529532008,0.0,2676.195529532008,,2676.195529532008,2782.742027433924,2782.741955766304,2676.195529532008,0.0,0.0,0.0,0.0,0.0,0.0,0.0,106.54642623429572,7.16676199772337e-05,2782.742027433924,-110.45460976764025,0.1,0.0
2025-11-30,CZ,dpd30_rate,0.030589049483521782,0.030589049483521782,0.0,0.030589049483521782,0.0,0.027700002284911072,-0.00288904719861071,0.027700002284911072,,0.027700002284911,0.0276999986794292,,0.027700002284911,-7.28583859910259e-17,0.0,0.0,0.0,-3.6054817985353704e-09,0.0,0.0,0.0,0.0,0.0276999986794292,-0.0028890508040925814,1e-07,0.0
2025-11-30,CZ,dpd90_rate,0.012282056309905302,0.012282056309905302,0.0,0.012282056309905302,0.0,0.012282056309905302,0.0,0.012282056309905302,,0.0122820563099053,0.012282053052529,,0.0122820563099053,-1.734723475976807e-18,0.0,0.0,0.0,0.0,-3.257376300982995e-09,0.0,0.0,0.0,0.012282053052529,-3.2573763027177183e-09,1e-07,0.0
2025-11-30,CZ,new_accounts,127.0,127.0,0.0,127.0,0.0,127.0,0.0,127.0,,127.0,,,127.0,0.0,0.0,0.0,0.0,0.0,0.0,0.0,0.0,0.0,127.0,0.0,0.5,0.0
2025-11-30,CZ,new_originations_eur,639015.432,639015.432,0.0,639015.432,0.0,639015.432,0.0,639015.432,638234.96,639015.432,638234.96,,639015.432,0.0,0.0,-780.472000000067,0.0,0.0,0.0,0.0,0.0,0.0,638234.96,-780.472000000067,0.1,0.0
2025-11-30,CZ,portfolio_balance_eur,8992055.148422461,8317615.705785481,-674439.4426369797,8317615.705785481,0.0,8317615.705785481,0.0,8317615.705785481,,8317615.70578548,8317615.92,,8317615.70578548,-9.313225746154785e-10,0.21421451959758997,0.0,0.0,0.0,0.0,0.0,0.0,0.0,8317615.92,-674439.2284224611,0.1,0.0
2025-11-30,GROUP,approval_rate,0.48383733055265904,0.48383733055265904,0.0,0.48383733055265904,0.0,0.48383733055265904,0.0,0.48383733055265904,,0.483837330552659,0.5446009389671361,,0.483837330552659,-5.551115123125783e-17,0.0,0.0,0.0,0.0,0.0,0.060763608414477144,0.0,0.0,0.5446009389671361,0.06076360841447709,1e-07,0.0
2025-11-30,GROUP,avg_balance_per_customer_eur,2946.780881335606,2739.0414549592474,-207.73942637635855,2690.4005212942157,-48.64093366503175,2690.4005212942157,0.0,2690.4005212942157,,2690.400521294216,2807.803949438792,2807.8039217828755,2690.400521294216,4.547473508864641e-13,0.0,0.0,0.0,0.0,0.0,0.0,117.40340048865937,2.7655916710500605e-05,2807.803949438792,-138.97693189681377,0.1,0.0
2025-11-30,GROUP,dpd30_rate,0.03449168808671739,0.03450119752648468,9.509439767289851e-06,0.034447533831236936,-5.3663695247743726e-05,0.03947662463726561,0.005029090806028674,0.03947662463726561,,0.0394766246372656,0.0394766227344801,,0.0394766246372656,-6.938893903907228e-18,0.0,0.0,0.0,-1.902785505547566e-09,0.0,0.0,0.0,0.0,0.0394766227344801,0.004984934647762708,1e-07,0.0
2025-11-30,GROUP,dpd90_rate,0.017018952619102853,0.017031621004272076,1.2668385169223306e-05,0.016944121488560636,-8.749951571144013e-05,0.016944121488560636,0.0,0.016944121488560636,,0.0169441214885606,0.0169441200992794,,0.0169441214885606,-3.469446951953614e-17,0.0,0.0,0.0,0.0,-1.3892812004978605e-09,0.0,0.0,0.0,0.0169441200992794,-7.483251982345202e-05,1e-07,0.0
2025-11-30,GROUP,new_accounts,432.0,432.0,0.0,432.0,0.0,432.0,0.0,432.0,,432.0,,,432.0,0.0,0.0,0.0,0.0,0.0,0.0,0.0,0.0,0.0,432.0,0.0,0.5,0.0
2025-11-30,GROUP,new_originations_eur,2155442.2431,2155442.2431,0.0,2113262.8431,-42179.39999999991,2113262.8431,0.0,2113262.8431,2114811.7488,2113262.8431,2114811.72,,2113262.8431,0.0,0.0,1548.905700000003,-0.028799999970942736,0.0,0.0,0.0,0.0,0.0,2114811.72,-40630.523099999875,0.1,0.0
2025-11-30,GROUP,portfolio_balance_eur,29317522.988407943,27250723.435389552,-2066799.5530183911,26766794.78635615,-483928.64903340116,26766794.78635615,0.0,26766794.78635615,,26766794.78635615,26766795.05,,26766794.78635615,0.0,0.26364384964108467,0.0,0.0,0.0,0.0,0.0,0.0,0.0,26766795.05,-2550727.9384079427,0.1,0.0
2025-11-30,PL,approval_rate,0.45365853658536587,0.45365853658536587,0.0,0.45365853658536587,0.0,0.45365853658536587,0.0,0.45365853658536587,,0.4536585365853658,0.5138121546961326,,0.4536585365853658,-5.551115123125783e-17,0.0,0.0,0.0,0.0,0.0,0.060153618110766804,0.0,0.0,0.5138121546961326,0.06015361811076675,1e-07,0.0
2025-11-30,PL,avg_balance_per_customer_eur,2885.3535706772604,2684.1790054582043,-201.17456521905615,2684.1790054582043,0.0,2684.1790054582043,0.0,2684.1790054582043,,2684.179005458204,2807.10852862363,2807.10851898467,2684.179005458204,-4.547473508864641e-13,0.0,0.0,0.0,0.0,0.0,0.0,122.92951352646605,9.638959909352707e-06,2807.10852862363,-78.24504205363064,0.1,0.0
2025-11-30,PL,dpd30_rate,0.03541635058532479,0.03541635058532479,0.0,0.03541635058532479,0.0,0.04334023648768767,0.007923885902362884,0.04334023648768767,,0.0433402364876876,0.0433402331558199,,0.0433402364876876,-6.938893903907228e-17,0.0,0.0,0.0,-3.3318677053473245e-09,0.0,0.0,0.0,0.0,0.0433402331558199,0.00792388257049511,1e-07,0.0
2025-11-30,PL,dpd90_rate,0.01734777015270373,0.01734777015270373,0.0,0.01734777015270373,0.0,0.01734777015270373,0.0,0.01734777015270373,,0.0173477701527037,0.0173477712881892,,0.0173477701527037,-3.122502256758253e-17,0.0,0.0,0.0,0.0,1.135485500763922e-09,0.0,0.0,0.0,0.0173477712881892,1.1354854695388994e-09,1e-07,0.0
2025-11-30,PL,new_accounts,181.0,181.0,0.0,181.0,0.0,181.0,0.0,181.0,,181.0,,,181.0,0.0,0.0,0.0,0.0,0.0,0.0,0.0,0.0,0.0,181.0,0.0,0.5,0.0
2025-11-30,PL,new_originations_eur,870574.8111,870574.8111,0.0,870574.8111,0.0,870574.8111,0.0,870574.8111,872997.2788,870574.8111,872997.28,,870574.8111,0.0,0.0,2422.467699999921,0.0012000000569969416,0.0,0.0,0.0,0.0,0.0,872997.28,2422.468899999978,0.1,0.0
2025-11-30,PL,portfolio_balance_eur,12386822.87891748,11523180.470432071,-863642.4084854089,11523180.470432071,0.0,11523180.470432071,0.0,11523180.470432071,,11523180.47043207,11523180.51,,11523180.47043207,-1.862645149230957e-09,0.03956793062388897,0.0,0.0,0.0,0.0,0.0,0.0,0.0,11523180.51,-863642.3689174801,0.1,0.0
2025-11-30,RO,approval_rate,0.5269230769230769,0.5269230769230769,0.0,0.5269230769230769,0.0,0.5269230769230769,0.0,0.5269230769230769,,0.5269230769230769,0.5930735930735931,,0.5269230769230769,0.0,0.0,0.0,0.0,0.0,0.0,0.06615051615051615,0.0,0.0,0.5930735930735931,0.06615051615051615,1e-07,0.0
2025-11-30,RO,avg_balance_per_customer_eur,3115.637739822606,2908.1347171004704,-207.50302272213548,2718.2098155959966,-189.92490150447384,2718.2098155959966,0.0,2718.2098155959966,,2718.2098155959966,2839.687831078311,2839.687827035096,2718.2098155959966,0.0,0.0,0.0,0.0,0.0,0.0,0.0,121.47801143909919,4.043215085403062e-06,2839.687831078311,-275.94990874429504,0.1,0.0
2025-11-30,RO,dpd30_rate,0.03746941426885541,0.03746941426885541,0.0,0.03746941426885541,0.0,0.04719137097589733,0.009721956707041922,0.04719137097589733,,0.0471913709758973,0.0471913738267536,,0.0471913709758973,-3.469446951953614e-17,0.0,0.0,0.0,2.85085630102877e-09,0.0,0.0,0.0,0.0,0.0471913738267536,0.009721959557898188,1e-07,0.0
2025-11-30,RO,dpd90_rate,0.021871346004293905,0.021871346004293905,0.0,0.021871346004293905,0.0,0.021871346004293905,0.0,0.021871346004293905,,0.0218713460042939,0.0218713427927307,,0.0218713460042939,-6.938893903907228e-18,0.0,0.0,0.0,0.0,-3.2115631994067417e-09,0.0,0.0,0.0,0.0218713427927307,-3.2115632063456356e-09,1e-07,0.0
2025-11-30,RO,new_accounts,124.0,124.0,0.0,124.0,0.0,124.0,0.0,124.0,,124.0,,,124.0,0.0,0.0,0.0,0.0,0.0,0.0,0.0,0.0,0.0,124.0,0.0,0.5,0.0
2025-11-30,RO,new_originations_eur,645852.0,645852.0,0.0,603672.6,-42179.40000000002,603672.6,0.0,603672.6,603579.51,603672.6,603579.48,,603672.6,0.0,0.0,-93.0899999999674,-0.030000000027939677,0.0,0.0,0.0,0.0,0.0,603579.48,-42272.52000000002,0.1,0.0
2025-11-30,RO,portfolio_balance_eur,7938644.961068,7409927.259171999,-528717.7018960007,6925998.610138599,-483928.64903340023,6925998.610138599,0.0,6925998.610138599,,6925998.6101386,6925998.62,,6925998.6101386,9.313225746154785e-10,0.009861400350928307,0.0,0.0,0.0,0.0,0.0,0.0,0.0,6925998.62,-1012646.3410679996,0.1,0.0
2025-12-31,CZ,approval_rate,0.5396419437340153,0.5396419437340153,0.0,0.5396419437340153,0.0,0.5396419437340153,0.0,0.5396419437340153,,0.5396419437340153,0.5943661971830986,,0.5396419437340153,0.0,0.0,0.0,0.0,0.0,0.0,0.05472425344908327,0.0,0.0,0.5943661971830986,0.05472425344908327,1e-07,0.0
2025-12-31,CZ,avg_balance_per_customer_eur,2890.8270453890746,2658.891425729599,-231.93561965947538,2658.891425729599,0.0,2658.891425729599,0.0,2658.891425729599,,2658.8914257295987,2762.927601026299,2762.927587993553,2658.8914257295987,-4.547473508864641e-13,0.0,0.0,0.0,0.0,0.0,0.0,104.03616226395434,1.3032745755481301e-05,2762.927601026299,-127.89944436277574,0.1,0.0
2025-12-31,CZ,dpd30_rate,0.02667174892260873,0.02667174892260873,0.0,0.02667174892260873,0.0,0.02288811024328979,-0.0037836386793189403,0.02288811024328979,,0.0228881102432897,0.0228881089455611,,0.0228881102432897,-9.020562075079397e-17,0.0,0.0,0.0,-1.29772860166244e-09,0.0,0.0,0.0,0.0,0.0228881089455611,-0.003783639977047632,1e-07,0.0
2025-12-31,CZ,dpd90_rate,0.00925836856175415,0.00925836856175415,0.0,0.00925836856175415,0.0,0.00925836856175415,0.0,0.00925836856175415,,0.0092583685617541,0.0092583685664061,,0.0092583685617541,-5.0306980803327406e-17,0.0,0.0,0.0,0.0,4.6520010066331e-12,0.0,0.0,0.0,0.0092583685664061,4.651950699652296e-12,1e-07,0.0
2025-12-31,CZ,new_accounts,194.0,194.0,0.0,194.0,0.0,194.0,0.0,194.0,,194.0,,,194.0,0.0,0.0,0.0,0.0,0.0,0.0,0.0,0.0,0.0,194.0,0.0,0.5,0.0
2025-12-31,CZ,new_originations_eur,868537.08,868537.08,0.0,868537.08,0.0,868537.08,0.0,868537.08,869535.648,868537.08,869535.68,,868537.08,0.0,0.0,998.5680000000866,0.03200000000651926,0.0,0.0,0.0,0.0,0.0,869535.68,998.6000000000931,0.1,0.0
2025-12-31,CZ,portfolio_balance_eur,9366279.627060601,8614808.219363902,-751471.4076966997,8614808.219363902,0.0,8614808.219363902,0.0,8614808.219363902,,8614808.2193639,8614808.26,,8614808.2193639,-1.862645149230957e-09,0.0406360998749733,0.0,0.0,0.0,0.0,0.0,0.0,0.0,8614808.26,-751471.3670606017,0.1,0.0
2025-12-31,GROUP,approval_rate,0.5263620386643234,0.5263620386643234,0.0,0.5263620386643234,0.0,0.5263620386643234,0.0,0.5263620386643234,,0.5263620386643234,0.5832521908471275,,0.5263620386643234,0.0,0.0,0.0,0.0,0.0,0.0,0.05689015218280413,0.0,0.0,0.5832521908471275,0.05689015218280413,1e-07,0.0
2025-12-31,GROUP,avg_balance_per_customer_eur,2962.5482154453503,2733.0140272439066,-229.5341882014436,2684.080577440231,-48.93344980367556,2684.080577440231,0.0,2684.080577440231,,2684.080577440231,2797.828915747952,2797.828909790535,2684.080577440231,0.0,0.0,0.0,0.0,0.0,0.0,0.0,113.74833235030383,5.957417215540772e-06,2797.828915747952,-164.71929969739813,0.1,0.0
2025-12-31,GROUP,dpd30_rate,0.03818320835549144,0.03820280762871478,1.9599273223341873e-05,0.03805849972562738,-0.00014430790308739977,0.03643317435199663,-0.0016253253736307482,0.03643317435199663,,0.0364331743519966,0.036433172948542,,0.0364331743519966,-3.469446951953614e-17,0.0,0.0,0.0,-1.4034545955943223e-09,0.0,0.0,0.0,0.0,0.036433172948542,-0.0017500354069494364,1e-07,0.0
2025-12-31,GROUP,dpd90_rate,0.014394964811016497,0.014400233605534132,5.268794517634956e-06,0.014376724868791322,-2.350873674280933e-05,0.014376724868791322,0.0,0.014376724868791322,,0.0143767248687913,0.0143767238982865,,0.0143767248687913,-2.2551405187698492e-17,0.0,0.0,0.0,0.0,-9.705047997882188e-10,0.0,0.0,0.0,0.0143767238982865,-1.8240912729996714e-05,1e-07,0.0
2025-12-31,GROUP,new_accounts,546.0,546.0,0.0,546.0,0.0,546.0,0.0,546.0,,546.0,,,546.0,0.0,0.0,0.0,0.0,0.0,0.0,0.0,0.0,0.0,546.0,0.0,0.5,0.0
2025-12-31,GROUP,new_originations_eur,2795713.6513,2795713.6513,0.0,2744151.4671,-51562.18420000002,2744151.4671,0.0,2744151.4671,2746772.6036,2744151.4671,2746772.64,,2744151.4671,0.0,0.0,2621.1365000000224,0.03640000009909272,0.0,0.0,0.0,0.0,0.0,2746772.64,-48941.0112999999,0.1,0.0
2025-12-31,GROUP,portfolio_balance_eur,30532021.908379782,28166442.5647757,-2365579.3436040804,27662134.431099024,-504308.13367667794,27662134.431099024,0.0,27662134.431099024,,27662134.43109902,27662134.49,,27662134.43109902,-3.725290298461914e-09,0.05890097841620445,0.0,0.0,0.0,0.0,0.0,0.0,0.0,27662134.49,-2869887.4183797836,0.1,0.0
2025-12-31,PL,approval_rate,0.5098468271334792,0.5098468271334792,0.0,0.5098468271334792,0.0,0.5098468271334792,0.0,0.5098468271334792,,0.5098468271334792,0.5682926829268292,,0.5098468271334792,0.0,0.0,0.0,0.0,0.0,0.0,0.05844585579335004,0.0,0.0,0.5682926829268292,0.05844585579335004,1e-07,0.0
2025-12-31,PL,avg_balance_per_customer_eur,2932.1289879212422,2702.483659544773,-229.64532837646902,2702.483659544773,0.0,2702.483659544773,0.0,2702.483659544773,,2702.4836595447728,2820.9522059863307,2820.9521866895598,2702.4836595447728,-4.547473508864641e-13,0.0,0.0,0.0,0.0,0.0,0.0,118.468527144787,1.929677091538906e-05,2820.9522059863307,-111.17678193491156,0.1,0.0
2025-12-31,PL,dpd30_rate,0.04148785255081655,0.04148785255081655,0.0,0.04148785255081655,0.0,0.04540512478262578,0.003917272231809231,0.04540512478262578,,0.0454051247826257,0.0454051206390452,,0.0454051247826257,-8.326672684688674e-17,0.0,0.0,0.0,-4.143580499549326e-09,0.0,0.0,0.0,0.0,0.0454051206390452,0.003917268088228648,1e-07,0.0
2025-12-31,PL,dpd90_rate,0.01728417949683066,0.01728417949683066,0.0,0.01728417949683066,0.0,0.01728417949683066,0.0,0.01728417949683066,,0.0172841794968306,0.0172841750453512,,0.0172841794968306,-5.898059818321144e-17,0.0,0.0,0.0,0.0,-4.451479400369163e-09,0.0,0.0,0.0,0.0172841750453512,-4.451479459349761e-09,1e-07,0.0
2025-12-31,PL,new_accounts,210.0,210.0,0.0,210.0,0.0,210.0,0.0,210.0,,210.0,,,210.0,0.0,0.0,0.0,0.0,0.0,0.0,0.0,0.0,0.0,210.0,0.0,0.5,0.0
2025-12-31,PL,new_originations_eur,1151932.8513,1151932.8513,0.0,1151932.8513,0.0,1151932.8513,0.0,1151932.8513,1153890.6395,1151932.8513,1153890.66,,1151932.8513,0.0,0.0,1957.7882000000682,0.020499999867752194,0.0,0.0,0.0,0.0,0.0,1153890.66,1957.808699999936,0.1,0.0
2025-12-31,PL,portfolio_balance_eur,12986399.287503181,11969300.128123801,-1017099.1593793798,11969300.128123801,0.0,11969300.128123801,0.0,11969300.128123801,,11969300.1281238,11969300.21,,11969300.1281238,-1.862645149230957e-09,0.08187620155513287,0.0,0.0,0.0,0.0,0.0,0.0,0.0,11969300.21,-1017099.0775031801,0.1,0.0
2025-12-31,RO,approval_rate,0.5344827586206896,0.5344827586206896,0.0,0.5344827586206896,0.0,0.5344827586206896,0.0,0.5344827586206896,,0.5344827586206896,0.5916030534351145,,0.5344827586206896,0.0,0.0,0.0,0.0,0.0,0.0,0.05712029481442493,0.0,0.0,0.5916030534351145,0.05712029481442493,1e-07,0.0
2025-12-31,RO,avg_balance_per_customer_eur,3101.760710586272,2875.36375323777,-226.39695734850193,2684.120623288328,-191.2431299494424,2684.120623288328,0.0,2684.120623288328,,2684.120623288328,2802.0688915281075,2802.068916710736,2684.120623288328,0.0,0.0,0.0,0.0,0.0,0.0,0.0,117.94829342240837,-2.518262863304699e-05,2802.0688915281075,-299.6918190581646,0.1,0.0
2025-12-31,RO,dpd30_rate,0.046118334561764146,0.046118334561764146,0.0,0.046118334561764146,0.0,0.03774712291149442,-0.008371211650269723,0.03774712291149442,,0.0377471229114944,0.0377471259988388,,0.0377471229114944,-2.0816681711721685e-17,0.0,0.0,0.0,3.08734440096492e-09,0.0,0.0,0.0,0.0,0.0377471259988388,-0.008371208562925343,1e-07,0.0
2025-12-31,RO,dpd90_rate,0.0156897266607895,0.0156897266607895,0.0,0.0156897266607895,0.0,0.0156897266607895,0.0,0.0156897266607895,,0.0156897266607894,0.015689730397459,,0.0156897266607894,-1.0061396160665481e-16,0.0,0.0,0.0,0.0,3.736669598741749e-09,0.0,0.0,0.0,0.015689730397459,3.736669498127787e-09,1e-07,0.0
2025-12-31,RO,new_accounts,142.0,142.0,0.0,142.0,0.0,142.0,0.0,142.0,,142.0,,,142.0,0.0,0.0,0.0,0.0,0.0,0.0,0.0,0.0,0.0,142.0,0.0,0.5,0.0
2025-12-31,RO,new_originations_eur,775243.72,775243.72,0.0,723681.5358000001,-51562.1841999999,723681.5358000001,0.0,723681.5358000001,723346.3161,723681.5358,723346.3,,723681.5358,-1.1641532182693481e-10,0.0,-335.2196999998996,-0.016100000008009374,0.0,0.0,0.0,0.0,0.0,723346.3,-51897.419999999925,0.1,0.0
2025-12-31,RO,portfolio_balance_eur,8179342.9938159995,7582334.217288,-597008.7765279999,7078026.083611321,-504308.1336766789,7078026.083611321,0.0,7078026.083611321,,7078026.08361132,7078026.02,,7078026.08361132,-9.313225746154785e-10,-0.06361132021993399,0.0,0.0,0.0,0.0,0.0,0.0,0.0,7078026.02,-1101316.973816,0.1,0.0
2026-01-31,CZ,approval_rate,0.502283105022831,0.502283105022831,0.0,0.502283105022831,0.0,0.502283105022831,0.0,0.502283105022831,,0.502283105022831,0.5583756345177665,,0.502283105022831,0.0,0.0,0.0,0.0,0.0,0.0,0.056092529494935484,0.0,0.0,0.5583756345177665,0.056092529494935484,1e-07,0.0
2026-01-31,CZ,avg_balance_per_customer_eur,2860.4763507302846,2632.4788348479487,-227.99751588233585,2632.4788348479487,0.0,2632.4788348479487,0.0,2632.4788348479487,,2632.4788348479487,2738.540339943343,2738.5403050590085,2632.4788348479487,0.0,0.0,0.0,0.0,0.0,0.0,0.0,106.06147021105971,3.488433458187501e-05,2738.540339943343,-121.93601078694155,0.1,0.0
2026-01-31,CZ,dpd30_rate,0.022652331631943096,0.022652331631943096,0.0,0.022652331631943096,0.0,0.020835443479364148,-0.0018168881525789486,0.020835443479364148,,0.0208354434793641,0.0208354460374782,,0.0208354434793641,-4.85722573273506e-17,0.0,0.0,0.0,2.5581141024910714e-09,0.0,0.0,0.0,0.0,0.0208354460374782,-0.0018168855944648947,1e-07,0.0
2026-01-31,CZ,dpd90_rate,0.010677247618231508,0.010677247618231508,0.0,0.010677247618231508,0.0,0.010677247618231508,0.0,0.010677247618231508,,0.0106772476182315,0.0106772484292015,,0.0106772476182315,-8.673617379884035e-18,0.0,0.0,0.0,0.0,8.109699994873765e-10,0.0,0.0,0.0,0.0106772484292015,8.109699908137591e-10,1e-07,0.0
2026-01-31,CZ,new_accounts,113.0,113.0,0.0,113.0,0.0,113.0,0.0,113.0,,113.0,,,113.0,0.0,0.0,0.0,0.0,0.0,0.0,0.0,0.0,0.0,113.0,0.0,0.5,0.0
2026-01-31,CZ,new_originations_eur,571791.318,571791.318,0.0,571791.318,0.0,571791.318,0.0,571791.318,572091.576,571791.318,572091.61,,571791.318,0.0,0.0,300.25800000003073,0.03399999998509884,0.0,0.0,0.0,0.0,0.0,572091.61,300.29200000001583,0.1,0.0
2026-01-31,CZ,portfolio_balance_eur,9453874.33916359,8700342.54917247,-753531.7899911199,8700342.54917247,0.0,8700342.54917247,0.0,8700342.54917247,,8700342.54917247,8700342.66,,8700342.54917247,0.0,0.11082752980291843,0.0,0.0,0.0,0.0,0.0,0.0,0.0,8700342.66,-753531.6791635901,0.1,0.0
2026-01-31,GROUP,approval_rate,0.5361930294906166,0.5361930294906166,0.0,0.5361930294906166,0.0,0.5361930294906166,0.0,0.5361930294906166,,0.5361930294906166,0.5961251862891207,,0.5361930294906166,0.0,0.0,0.0,0.0,0.0,0.0,0.059932156798504055,0.0,0.0,0.5961251862891207,0.059932156798504055,1e-07,0.0
2026-01-31,GROUP,avg_balance_per_customer_eur,2945.0110183375405,2714.818294517561,-230.19272381997962,2670.7642635759807,-44.054030941580095,2670.7642635759807,0.0,2670.7642635759807,,2670.7642635759807,2782.409894006934,2782.409882122693,2670.7642635759807,0.0,0.0,0.0,0.0,0.0,0.0,0.0,111.64561854671229,1.1884240848303307e-05,2782.409894006934,-162.60112433060658,0.1,0.0
2026-01-31,GROUP,dpd30_rate,0.03616536197221879,0.036164268015343365,-1.0939568754267381e-06,0.03614809869264276,-1.6169322700605726e-05,0.03507198437170295,-0.0010761143209398125,0.03507198437170295,,0.0350719843717029,0.0350719853104146,,0.0350719843717029,-4.85722573273506e-17,0.0,0.0,0.0,9.387116986503408e-10,0.0,0.0,0.0,0.0,0.0350719853104146,-0.0010933766618041948,1e-07,0.0
2026-01-31,GROUP,dpd90_rate,0.015577428547759349,0.015585082674880346,7.654127120997056e-06,0.015519653476616178,-6.542919826416776e-05,0.015519653476616178,0.0,0.015519653476616178,,0.0155196534766161,0.0155196528571253,,0.0155196534766161,-7.806255641895632e-17,0.0,0.0,0.0,0.0,-6.194908006712518e-10,0.0,0.0,0.0,0.0155196528571253,-5.777569063404944e-05,1e-07,0.0
2026-01-31,GROUP,new_accounts,412.0,412.0,0.0,412.0,0.0,412.0,0.0,412.0,,412.0,,,412.0,0.0,0.0,0.0,0.0,0.0,0.0,0.0,0.0,0.0,412.0,0.0,0.5,0.0
2026-01-31,GROUP,new_originations_eur,2064722.7837999999,2064722.7837999999,0.0,2025288.1429999997,-39434.64080000017,2025288.1429999997,0.0,2025288.1429999997,2017877.3196,2025288.143,2017877.35,,2025288.143,2.3283064365386963e-10,0.0,-7410.823399999877,0.030400000046938658,0.0,0.0,0.0,0.0,0.0,2017877.35,-46845.433799999766,0.1,0.0
2026-01-31,GROUP,portfolio_balance_eur,30972680.879855912,28551744.00344119,-2420936.8764147237,28088427.76002859,-463316.24341259897,28088427.76002859,0.0,28088427.76002859,,28088427.76002859,28088427.88,,28088427.76002859,0.0,0.11997140944004059,0.0,0.0,0.0,0.0,0.0,0.0,0.0,28088427.88,-2884252.999855913,0.1,0.0
2026-01-31,PL,approval_rate,0.5318471337579618,0.5318471337579618,0.0,0.5318471337579618,0.0,0.5318471337579618,0.0,0.5318471337579618,,0.5318471337579618,0.6007194244604317,,0.5318471337579618,0.0,0.0,0.0,0.0,0.0,0.0,0.06887229070246992,0.0,0.0,0.6007194244604317,0.06887229070246992,1e-07,0.0
2026-01-31,PL,avg_balance_per_customer_eur,2928.718127276346,2693.139556503042,-235.5785707733039,2693.139556503042,0.0,2693.139556503042,0.0,2693.139556503042,,2693.1395565030425,2809.6366551006245,2809.6366874459222,2693.1395565030425,4.547473508864641e-13,0.0,0.0,0.0,0.0,0.0,0.0,116.49713094287972,-3.2345297768188175e-05,2809.6366551006245,-119.0814721757215,0.1,0.0
2026-01-31,PL,dpd30_rate,0.04522113370055687,0.04522113370055687,0.0,0.04522113370055687,0.0,0.04096850724942916,-0.004252626451127714,0.04096850724942916,,0.0409685072494291,0.0409685058625343,,0.0409685072494291,-6.245004513516506e-17,0.0,0.0,0.0,-1.3868947934536635e-09,0.0,0.0,0.0,0.0,0.0409685058625343,-0.00425262783802257,1e-07,0.0
2026-01-31,PL,dpd90_rate,0.016584223066745465,0.016584223066745465,0.0,0.016584223066745465,0.0,0.016584223066745465,0.0,0.016584223066745465,,0.0165842230667454,0.0165842209138044,,0.0165842230667454,-6.591949208711867e-17,0.0,0.0,0.0,0.0,-2.15294099908947e-09,0.0,0.0,0.0,0.0165842209138044,-2.152941065008962e-09,1e-07,0.0
2026-01-31,PL,new_accounts,172.0,172.0,0.0,172.0,0.0,172.0,0.0,172.0,,172.0,,,172.0,0.0,0.0,0.0,0.0,0.0,0.0,0.0,0.0,0.0,172.0,0.0,0.5,0.0
2026-01-31,PL,new_originations_eur,837099.9458,837099.9458,0.0,837099.9458,0.0,837099.9458,0.0,837099.9458,830842.646,837099.9458,830842.65,,837099.9458,0.0,0.0,-6257.299800000037,0.004000000073574483,0.0,0.0,0.0,0.0,0.0,830842.65,-6257.2957999999635,0.1,0.0
2026-01-31,PL,portfolio_balance_eur,13208518.75401632,12146059.399828719,-1062459.3541876003,12146059.399828719,0.0,12146059.399828719,0.0,12146059.399828719,,12146059.39982872,12146059.26,,12146059.39982872,1.862645149230957e-09,-0.13982872106134892,0.0,0.0,0.0,0.0,0.0,0.0,0.0,12146059.26,-1062459.4940163195,0.1,0.0
2026-01-31,RO,approval_rate,0.5774647887323944,0.5774647887323944,0.0,0.5774647887323944,0.0,0.5774647887323944,0.0,0.5774647887323944,,0.5774647887323944,0.6275510204081632,,0.5774647887323944,0.0,0.0,0.0,0.0,0.0,0.0,0.050086231675768866,0.0,0.0,0.6275510204081632,0.050086231675768866,1e-07,0.0
2026-01-31,RO,avg_balance_per_customer_eur,3075.6061386661736,2851.7180068245743,-223.88813184159926,2680.2464141478167,-171.4715926767576,2680.2464141478167,0.0,2680.2464141478167,,2680.2464141478167,2790.76144894027,2790.761391532717,2680.2464141478167,0.0,0.0,0.0,0.0,0.0,0.0,0.0,110.51497738490025,5.740755295846611e-05,2790.76144894027,-284.84468972590366,0.1,0.0
2026-01-31,RO,dpd30_rate,0.03714452903373423,0.03714452903373423,0.0,0.03714452903373423,0.0,0.042285886491989104,0.005141357458254871,0.042285886491989104,,0.0422858864919891,0.0422858895689459,,0.0422858864919891,-6.938893903907228e-18,0.0,0.0,0.0,3.0769568004629377e-09,0.0,0.0,0.0,0.0,0.0422858895689459,0.005141360535211664,1e-07,0.0
2026-01-31,RO,dpd90_rate,0.019551710944381812,0.019551710944381812,0.0,0.019551710944381812,0.0,0.019551710944381812,0.0,0.019551710944381812,,0.0195517109443818,0.0195517111899444,,0.0195517109443818,-1.3877787807814457e-17,0.0,0.0,0.0,0.0,2.4556260150299103e-10,0.0,0.0,0.0,0.0195517111899444,2.455625876252032e-10,1e-07,0.0
2026-01-31,RO,new_accounts,127.0,127.0,0.0,127.0,0.0,127.0,0.0,127.0,,127.0,,,127.0,0.0,0.0,0.0,0.0,0.0,0.0,0.0,0.0,0.0,127.0,0.0,0.5,0.0
2026-01-31,RO,new_originations_eur,655831.52,655831.52,0.0,616396.8792,-39434.64080000005,616396.8792,0.0,616396.8792,614943.0976,616396.8792,614943.09,,616396.8792,0.0,0.0,-1453.7815999999875,-0.0076000000117346644,0.0,0.0,0.0,0.0,0.0,614943.09,-40888.43000000005,0.1,0.0
2026-01-31,RO,portfolio_balance_eur,8310287.786676001,7705342.05444,-604945.7322360007,7242025.8110274,-463316.2434125999,7242025.8110274,0.0,7242025.8110274,,7242025.8110274,7242025.96,,7242025.8110274,0.0,0.1489725997671485,0.0,0.0,0.0,0.0,0.0,0.0,0.0,7242025.96,-1068261.8266760008,0.1,0.0
2026-02-28,CZ,approval_rate,0.5346938775510204,0.5346938775510204,0.0,0.5346938775510204,0.0,0.5346938775510204,0.0,0.5346938775510204,,0.5346938775510204,0.5745614035087719,,0.5346938775510204,0.0,0.0,0.0,0.0,0.0,0.0,0.03986752595775156,0.0,0.0,0.5745614035087719,0.03986752595775156,1e-07,0.0
2026-02-28,CZ,avg_balance_per_customer_eur,2811.6034707976237,2565.9619777071257,-245.641493090498,2565.9619777071257,0.0,2565.9619777071257,0.0,2565.9619777071257,,2565.961977707125,2668.7903144266334,2668.790293706485,2565.961977707125,-9.094947017729282e-13,0.0,0.0,0.0,0.0,0.0,0.0,102.82831599936026,2.072014831355773e-05,2668.7903144266334,-142.81315637099033,0.1,0.0
2026-02-28,CZ,dpd30_rate,0.020776629460919887,0.020776629460919887,0.0,0.020776629460919887,0.0,0.022073638342193298,0.0012970088812734107,0.022073638342193298,,0.0220736383421933,0.0220736423600611,,0.0220736383421933,3.469446951953614e-18,0.0,0.0,0.0,4.017867798883357e-09,0.0,0.0,0.0,0.0,0.0220736423600611,0.001297012899141213,1e-07,0.0
2026-02-28,CZ,dpd90_rate,0.011745790913183923,0.011745790913183923,0.0,0.011745790913183923,0.0,0.011745790913183923,0.0,0.011745790913183923,,0.0117457909131839,0.0117457920669614,,0.0117457909131839,-2.2551405187698492e-17,0.0,0.0,0.0,0.0,1.153777498888453e-09,0.0,0.0,0.0,0.0117457920669614,1.1537774763370479e-09,1e-07,0.0
2026-02-28,CZ,new_accounts,116.0,116.0,0.0,116.0,0.0,116.0,0.0,116.0,,116.0,,,116.0,0.0,0.0,0.0,0.0,0.0,0.0,0.0,0.0,0.0,116.0,0.0,0.5,0.0
2026-02-28,CZ,new_originations_eur,507969.282,507969.282,0.0,507969.282,0.0,507969.282,0.0,507969.282,510094.248,507969.282,510094.24,,507969.282,0.0,0.0,2124.966000000015,-0.008000000030733645,0.0,0.0,0.0,0.0,0.0,510094.24,2124.957999999984,0.1,0.0
2026-02-28,CZ,portfolio_balance_eur,9486350.110471182,8657555.712783841,-828794.3976873402,8657555.712783841,0.0,8657555.712783841,0.0,8657555.712783841,,8657555.71278384,8657555.78,,8657555.71278384,-1.862645149230957e-09,0.06721615977585316,0.0,0.0,0.0,0.0,0.0,0.0,0.0,8657555.78,-828794.3304711822,0.1,0.0
2026-02-28,GROUP,approval_rate,0.5332527206771464,0.5332527206771464,0.0,0.5332527206771464,0.0,0.5332527206771464,0.0,0.5332527206771464,,0.5332527206771464,0.5841059602649007,,0.5332527206771464,0.0,0.0,0.0,0.0,0.0,0.0,0.05085323958775434,0.0,0.0,0.5841059602649007,0.05085323958775434,1e-07,0.0
2026-02-28,GROUP,avg_balance_per_customer_eur,2909.690721344814,2668.1787751415,-241.51194620331398,2623.4672754523967,-44.71149968910322,2623.4672754523967,0.0,2623.4672754523967,,2623.4672754523963,2731.591198603569,2731.591169174979,2623.4672754523963,-4.547473508864641e-13,0.0,0.0,0.0,0.0,0.0,0.0,108.12389372258258,2.9428590096358676e-05,2731.591198603569,-178.09952274124498,0.1,0.0
2026-02-28,GROUP,dpd30_rate,0.03508551622060788,0.03511568355524564,3.0167334637759557e-05,0.034999082191817084,-0.00011660136342855898,0.035646846733891645,0.0006477645420745609,0.035646846733891645,,0.0356468467338916,0.0356468466218813,,0.0356468467338916,-4.163336342344337e-17,0.0,0.0,0.0,-1.1201030380991739e-10,0.0,0.0,0.0,0.0,0.0356468466218813,0.000561330401273416,1e-07,0.0
2026-02-28,GROUP,dpd90_rate,0.017537560241091207,0.017548723248389467,1.1163007298260752e-05,0.017525491663818636,-2.323158457083127e-05,0.017525491663818636,0.0,0.017525491663818636,,0.0175254916638186,0.0175254905568862,,0.0175254916638186,-3.469446951953614e-17,0.0,0.0,0.0,0.0,-1.1069323999080005e-09,0.0,0.0,0.0,0.0175254905568862,-1.2069684205005121e-05,1e-07,0.0
2026-02-28,GROUP,new_accounts,388.0,388.0,0.0,388.0,0.0,388.0,0.0,388.0,,388.0,,,388.0,0.0,0.0,0.0,0.0,0.0,0.0,0.0,0.0,0.0,388.0,0.0,0.5,0.0
2026-02-28,GROUP,new_originations_eur,1800539.06,1800539.06,0.0,1764945.2354000001,-35593.824599999934,1764945.2354000001,0.0,1764945.2354000001,1766403.06,1764945.2354,1766403.25,,1764945.2354,-2.3283064365386963e-10,0.0,1457.8246000001673,0.18999999994412065,0.0,0.0,0.0,0.0,0.0,1766403.25,-34135.810000000056,0.1,0.0
2026-02-28,GROUP,portfolio_balance_eur,31241349.275079265,28648235.508694284,-2593113.7663849816,28168168.136532385,-480067.37216189876,28168168.136532385,0.0,28168168.136532385,,28168168.13653238,28168168.44,,28168168.13653238,-3.725290298461914e-09,0.30346762016415596,0.0,0.0,0.0,0.0,0.0,0.0,0.0,28168168.44,-3073180.835079264,0.1,0.0
2026-02-28,PL,approval_rate,0.5198863636363636,0.5198863636363636,0.0,0.5198863636363636,0.0,0.5198863636363636,0.0,0.5198863636363636,,0.5198863636363636,0.571875,,0.5198863636363636,0.0,0.0,0.0,0.0,0.0,0.0,0.051988636363636376,0.0,0.0,0.571875,0.051988636363636376,1e-07,0.0
2026-02-28,PL,avg_balance_per_customer_eur,2896.5095835258985,2658.7641561223227,-237.74542740357583,2658.7641561223227,0.0,2658.7641561223227,0.0,2658.7641561223227,,2658.7641561223227,2773.3660911978222,2773.3660594034577,2658.7641561223227,0.0,0.0,0.0,0.0,0.0,0.0,0.0,114.60190328113504,3.179436453137896e-05,2773.3660911978222,-123.14349232807626,0.1,0.0
2026-02-28,PL,dpd30_rate,0.04092437011006402,0.04092437011006402,0.0,0.04092437011006402,0.0,0.04494239771685727,0.004018027606793248,0.04494239771685727,,0.0449423977168572,0.0449423928032091,,0.0449423977168572,-6.938893903907228e-17,0.0,0.0,0.0,-4.913648099513779e-09,0.0,0.0,0.0,0.0,0.0449423928032091,0.004018022693145079,1e-07,0.0
2026-02-28,PL,dpd90_rate,0.020792374198764136,0.020792374198764136,0.0,0.020792374198764136,0.0,0.020792374198764136,0.0,0.020792374198764136,,0.0207923741987641,0.0207923711409965,,0.0207923741987641,-3.469446951953614e-17,0.0,0.0,0.0,0.0,-3.057767601621908e-09,0.0,0.0,0.0,0.0207923711409965,-3.0577676363163775e-09,1e-07,0.0
2026-02-28,PL,new_accounts,160.0,160.0,0.0,160.0,0.0,160.0,0.0,160.0,,160.0,,,160.0,0.0,0.0,0.0,0.0,0.0,0.0,0.0,0.0,0.0,160.0,0.0,0.5,0.0
2026-02-28,PL,new_originations_eur,716795.738,716795.738,0.0,716795.738,0.0,716795.738,0.0,716795.738,714617.619,716795.738,714617.74,,716795.738,0.0,0.0,-2178.1190000000643,0.12100000004284084,0.0,0.0,0.0,0.0,0.0,714617.74,-2177.9980000000214,0.1,0.0
2026-02-28,PL,portfolio_balance_eur,13318151.06505208,12224997.58985044,-1093153.4752016403,12224997.58985044,0.0,12224997.58985044,0.0,12224997.58985044,,12224997.58985044,12224997.73,,12224997.58985044,0.0,0.1401495598256588,0.0,0.0,0.0,0.0,0.0,0.0,0.0,12224997.73,-1093153.3350520805,0.1,0.0
2026-02-28,RO,approval_rate,0.5521739130434783,0.5521739130434783,0.0,0.5521739130434783,0.0,0.5521739130434783,0.0,0.5521739130434783,,0.5521739130434783,0.6135265700483091,,0.5521739130434783,0.0,0.0,0.0,0.0,0.0,0.0,0.061352657004830835,0.0,0.0,0.6135265700483091,0.061352657004830835,1e-07,0.0
2026-02-28,RO,avg_balance_per_customer_eur,3051.301301828572,2808.5649931500907,-242.73630867848124,2634.942073742532,-173.62291940755858,2634.942073742532,0.0,2634.942073742532,,2634.942073742532,2738.9529812030078,2738.952945074473,2634.942073742532,0.0,0.0,0.0,0.0,0.0,0.0,0.0,104.01087133194096,3.612853470258415e-05,2738.9529812030078,-312.34832062556416,0.1,0.0
2026-02-28,RO,dpd30_rate,0.04195732079298051,0.04195732079298051,0.0,0.04195732079298051,0.0,0.03617840372359801,-0.005778917069382494,0.03617840372359801,,0.036178403723598,0.0361784067003936,,0.036178403723598,-1.3877787807814457e-17,0.0,0.0,0.0,2.976795601683513e-09,0.0,0.0,0.0,0.0,0.0361784067003936,-0.0057789140925869065,1e-07,0.0
2026-02-28,RO,dpd90_rate,0.018911846881062712,0.018911846881062712,0.0,0.018911846881062712,0.0,0.018911846881062712,0.0,0.018911846881062712,,0.0189118468810627,0.0189118463333334,,0.0189118468810627,-1.0408340855860843e-17,0.0,0.0,0.0,0.0,-5.477293028854913e-10,0.0,0.0,0.0,0.0189118463333334,-5.477293132938321e-10,1e-07,0.0
2026-02-28,RO,new_accounts,112.0,112.0,0.0,112.0,0.0,112.0,0.0,112.0,,112.0,,,112.0,0.0,0.0,0.0,0.0,0.0,0.0,0.0,0.0,0.0,112.0,0.0,0.5,0.0
2026-02-28,RO,new_originations_eur,575774.0399999999,575774.0399999999,0.0,540180.2154,-35593.824599999934,540180.2154,0.0,540180.2154,541691.193,540180.2154,541691.27,,540180.2154,0.0,0.0,1510.9775999999838,0.07700000004842877,0.0,0.0,0.0,0.0,0.0,541691.27,-34082.7699999999,0.1,0.0
2026-02-28,RO,portfolio_balance_eur,8436848.099556,7765682.206060001,-671165.8934960002,7285614.833898101,-480067.3721618997,7285614.833898101,0.0,7285614.833898101,,7285614.8338981,7285614.93,,7285614.8338981,-9.313225746154785e-10,0.09610189963132143,0.0,0.0,0.0,0.0,0.0,0.0,0.0,7285614.93,-1151233.1695560012,0.1,0.0
2026-03-31,CZ,approval_rate,0.5366795366795367,0.5366795366795367,0.0,0.5366795366795367,0.0,0.5366795366795367,0.0,0.5366795366795367,,0.5366795366795367,0.5840336134453782,,0.5366795366795367,0.0,0.0,0.0,0.0,0.0,0.0,0.04735407676584147,0.0,0.0,0.5840336134453782,0.04735407676584147,1e-07,0.0
2026-03-31,CZ,avg_balance_per_customer_eur,2773.3350107865544,2528.3293573209244,-245.00565346563008,2528.3293573209244,0.0,2528.3293573209244,0.0,2528.3293573209244,,2528.3293573209244,2629.6757775768538,2629.675892740961,2528.3293573209244,0.0,0.0,0.0,0.0,0.0,0.0,0.0,101.34653542003662,-0.00011516410722833825,2629.6757775768538,-143.6592332097007,0.1,0.0
2026-03-31,CZ,dpd30_rate,0.021816793046382826,0.021816793046382826,0.0,0.021816793046382826,0.0,0.02847779691137681,0.006661003864993985,0.02847779691137681,,0.0284777969113768,0.0284777965973415,,0.0284777969113768,-1.0408340855860843e-17,0.0,0.0,0.0,-3.140353012354158e-10,0.0,0.0,0.0,0.0,0.0284777965973415,0.006661003550958673,1e-07,0.0
2026-03-31,CZ,dpd90_rate,0.011462277148367528,0.011462277148367528,0.0,0.011462277148367528,0.0,0.011462277148367528,0.0,0.011462277148367528,,0.0114622771483675,0.0114622752232685,,0.0114622771483675,-2.7755575615628914e-17,0.0,0.0,0.0,0.0,-1.9250990003494284e-09,0.0,0.0,0.0,0.0114622752232685,-1.925099028105004e-09,1e-07,0.0
2026-03-31,CZ,new_accounts,124.0,124.0,0.0,124.0,0.0,124.0,0.0,124.0,,124.0,,,124.0,0.0,0.0,0.0,0.0,0.0,0.0,0.0,0.0,0.0,124.0,0.0,0.5,0.0
2026-03-31,CZ,new_originations_eur,586936.423,586936.423,0.0,586936.423,0.0,586936.423,0.0,586936.423,588317.38,586936.423,588317.38,,586936.423,0.0,0.0,1380.957000000053,0.0,0.0,0.0,0.0,0.0,0.0,588317.38,1380.957000000053,0.1,0.0
2026-03-31,CZ,portfolio_balance_eur,9570779.1222244,8725264.61211451,-845514.5101098903,8725264.61211451,0.0,8725264.61211451,0.0,8725264.61211451,,8725264.61211451,8725264.23,,8725264.61211451,0.0,-0.38211450912058353,0.0,0.0,0.0,0.0,0.0,0.0,0.0,8725264.23,-845514.8922243994,0.1,0.0
2026-03-31,GROUP,approval_rate,0.5115766262403528,0.5115766262403528,0.0,0.5115766262403528,0.0,0.5115766262403528,0.0,0.5115766262403528,,0.5115766262403528,0.5610640870616687,,0.5115766262403528,0.0,0.0,0.0,0.0,0.0,0.0,0.04948746082131583,0.0,0.0,0.5610640870616687,0.04948746082131583,1e-07,0.0
2026-03-31,GROUP,avg_balance_per_customer_eur,2898.2410894254394,2646.052488815309,-252.18860061013038,2601.134259983802,-44.918228831506894,2601.134259983802,0.0,2601.134259983802,,2601.134259983802,2707.197049710104,2707.197048457621,2601.134259983802,0.0,0.0,0.0,0.0,0.0,0.0,0.0,106.06278847381873,1.252482888958184e-06,2707.197049710104,-191.04403971533566,0.1,0.0
2026-03-31,GROUP,dpd30_rate,0.03523779894785608,0.0352377341841463,-6.476370977698265e-08,0.035221166163609895,-1.6568020536407435e-05,0.037126951741517866,0.0019057855779079716,0.037126951741517866,,0.0371269517415178,0.037126951433891,,0.0371269517415178,-6.938893903907228e-17,0.0,0.0,0.0,-3.0762679903428847e-10,0.0,0.0,0.0,0.0,0.037126951433891,0.0018891524860349188,1e-07,0.0
2026-03-31,GROUP,dpd90_rate,0.017401061411421788,0.01740412993389002,3.0685224682337753e-06,0.017366425238302636,-3.770469558738582e-05,0.017366425238302636,0.0,0.017366425238302636,,0.0173664252383026,0.0173664231206959,,0.0173664252383026,-3.469446951953614e-17,0.0,0.0,0.0,0.0,-2.1176067011019484e-09,0.0,0.0,0.0,0.0173664231206959,-3.463829072588784e-05,1e-07,0.0
2026-03-31,GROUP,new_accounts,419.0,419.0,0.0,419.0,0.0,419.0,0.0,419.0,,419.0,,,419.0,0.0,0.0,0.0,0.0,0.0,0.0,0.0,0.0,0.0,419.0,0.0,0.5,0.0
2026-03-31,GROUP,new_originations_eur,2076699.1173999999,2076699.1173999999,0.0,2043128.3674,-33570.74999999977,2043128.3674,0.0,2043128.3674,2043446.2084,2043128.3674,2043446.16,,2043128.3674,0.0,0.0,317.84099999978207,-0.04839999997057021,0.0,0.0,0.0,0.0,0.0,2043446.16,-33252.957399999956,0.1,0.0
2026-03-31,GROUP,portfolio_balance_eur,31735739.92920856,28974274.75252763,-2761465.17668093,28482420.14682263,-491854.60570500046,28482420.14682263,0.0,28482420.14682263,,28482420.14682263,28482420.16,,28482420.14682263,0.0,0.01317736878991127,0.0,0.0,0.0,0.0,0.0,0.0,0.0,28482420.16,-3253319.7692085616,0.1,0.0
2026-03-31,PL,approval_rate,0.5242718446601942,0.5242718446601942,0.0,0.5242718446601942,0.0,0.5242718446601942,0.0,0.5242718446601942,,0.5242718446601942,0.5806451612903226,,0.5242718446601942,0.0,0.0,0.0,0.0,0.0,0.0,0.056373316630128456,0.0,0.0,0.5806451612903226,0.056373316630128456,1e-07,0.0
2026-03-31,PL,avg_balance_per_customer_eur,2915.6096508357787,2656.883314516834,-258.7263363189445,2656.883314516834,0.0,2656.883314516834,0.0,2656.883314516834,,2656.883314516834,2770.042544365572,2770.0424973888908,2656.883314516834,0.0,0.0,0.0,0.0,0.0,0.0,0.0,113.15918287205659,4.697668146036449e-05,2770.042544365572,-145.56710647020645,0.1,0.0
2026-03-31,PL,dpd30_rate,0.04401898273681122,0.04401898273681122,0.0,0.04401898273681122,0.0,0.04212867008818573,-0.0018903126486254918,0.04212867008818573,,0.0421286700881857,0.0421286697809928,,0.0421286700881857,-2.7755575615628914e-17,0.0,0.0,0.0,-3.0719290305958324e-10,0.0,0.0,0.0,0.0,0.0421286697809928,-0.0018903129558184226,1e-07,0.0
2026-03-31,PL,dpd90_rate,0.020198745220568984,0.020198745220568984,0.0,0.020198745220568984,0.0,0.020198745220568984,0.0,0.020198745220568984,,0.0201987452205689,0.020198740633061,,0.0201987452205689,-8.326672684688674e-17,0.0,0.0,0.0,0.0,-4.587507901332444e-09,0.0,0.0,0.0,0.020198740633061,-4.587507984599171e-09,1e-07,0.0
2026-03-31,PL,new_accounts,191.0,191.0,0.0,191.0,0.0,191.0,0.0,191.0,,191.0,,,191.0,0.0,0.0,0.0,0.0,0.0,0.0,0.0,0.0,0.0,191.0,0.0,0.5,0.0
2026-03-31,PL,new_originations_eur,960003.0944000001,960003.0944000001,0.0,960003.0944000001,0.0,960003.0944000001,0.0,960003.0944000001,958805.6954,960003.0944,958805.68,,960003.0944,-1.1641532182693481e-10,0.0,-1197.3989999999758,-0.015399999916553497,0.0,0.0,0.0,0.0,0.0,958805.68,-1197.4144000000088,0.1,0.0
2026-03-31,PL,portfolio_balance_eur,13703365.35892816,12487351.57822912,-1216013.7806990407,12487351.57822912,0.0,12487351.57822912,0.0,12487351.57822912,,12487351.57822912,12487351.79,,12487351.57822912,0.0,0.21177087910473347,0.0,0.0,0.0,0.0,0.0,0.0,0.0,12487351.79,-1216013.5689281616,0.1,0.0
2026-03-31,RO,approval_rate,0.461864406779661,0.461864406779661,0.0,0.461864406779661,0.0,0.461864406779661,0.0,0.461864406779661,,0.461864406779661,0.5023041474654378,,0.461864406779661,0.0,0.0,0.0,0.0,0.0,0.0,0.040439740685776826,0.0,0.0,0.5023041474654378,0.040439740685776826,1e-07,0.0
2026-03-31,RO,avg_balance_per_customer_eur,3023.078045036084,2773.011276235799,-250.066768800285,2597.286158084674,-175.72511815112512,2597.286158084674,0.0,2597.286158084674,,2597.286158084673,2697.515450834879,2697.515382738033,2597.286158084673,-9.094947017729282e-13,0.0,0.0,0.0,0.0,0.0,0.0,100.22922465336023,6.809684600739274e-05,2697.515450834879,-325.5625942012048,0.1,0.0
2026-03-31,RO,dpd30_rate,0.03619715860844893,0.03619715860844893,0.0,0.03619715860844893,0.0,0.03891626396394933,0.0027191053555003994,0.03891626396394933,,0.0389162639639493,0.0389162630177819,,0.0389162639639493,-2.7755575615628914e-17,0.0,0.0,0.0,-9.46167401372211e-10,0.0,0.0,0.0,0.0,0.0389162630177819,0.0027191044093329703,1e-07,0.0
2026-03-31,RO,dpd90_rate,0.019587541390795323,0.019587541390795323,0.0,0.019587541390795323,0.0,0.019587541390795323,0.0,0.019587541390795323,,0.0195875413907953,0.0195875428357826,,0.0195875413907953,-2.42861286636753e-17,0.0,0.0,0.0,0.0,1.4449872999533486e-09,0.0,0.0,0.0,0.0195875428357826,1.44498727566722e-09,1e-07,0.0
2026-03-31,RO,new_accounts,104.0,104.0,0.0,104.0,0.0,104.0,0.0,104.0,,104.0,,,104.0,0.0,0.0,0.0,0.0,0.0,0.0,0.0,0.0,0.0,104.0,0.0,0.5,0.0
2026-03-31,RO,new_originations_eur,529759.6,529759.6,0.0,496188.85000000003,-33570.74999999994,496188.85000000003,0.0,496188.85000000003,496323.133,496188.85,496323.1,,496188.85,-5.820766091346741e-11,0.0,134.2829999999958,-0.03299999999580905,0.0,0.0,0.0,0.0,0.0,496323.1,-33436.5,0.1,0.0
2026-03-31,RO,portfolio_balance_eur,8461595.448056,7761658.562184001,-699936.885871998,7269803.956479002,-491854.6057049995,7269803.956479002,0.0,7269803.956479002,,7269803.956479,7269804.14,,7269803.956479,-1.862645149230957e-09,0.1835209997370839,0.0,0.0,0.0,0.0,0.0,0.0,0.0,7269804.14,-1191791.3080559997,0.1,0.0
2026-04-30,CZ,approval_rate,0.5306122448979592,0.5306122448979592,0.0,0.5306122448979592,0.0,0.5306122448979592,0.0,0.5306122448979592,,0.5306122448979592,0.5886792452830188,,0.5306122448979592,0.0,0.0,0.0,0.0,0.0,0.0,0.05806700038505963,0.0,0.0,0.5886792452830188,0.05806700038505963,1e-07,0.0
2026-04-30,CZ,avg_balance_per_customer_eur,2726.356412337135,2484.5639456182003,-241.79246671893497,2484.5639456182003,0.0,2484.5639456182003,0.0,2484.5639456182003,,2484.5639456182,2577.342375771832,2577.342428738903,2484.5639456182,-4.547473508864641e-13,0.0,0.0,0.0,0.0,0.0,0.0,92.77848312070319,-5.2967071042075986e-05,2577.342375771832,-149.0140365653033,0.1,0.0
2026-04-30,CZ,dpd30_rate,0.0282135529974647,0.0282135529974647,0.0,0.0282135529974647,0.0,0.026400701122796248,-0.001812851874668453,0.026400701122796248,,0.0264007011227962,0.0264007023538769,,0.0264007011227962,-4.85722573273506e-17,0.0,0.0,0.0,1.2310807026572057e-09,0.0,0.0,0.0,0.0,0.0264007023538769,-0.001812850643587799,1e-07,0.0
2026-04-30,CZ,dpd90_rate,0.011392276449090558,0.011392276449090558,0.0,0.011392276449090558,0.0,0.011392276449090558,0.0,0.011392276449090558,,0.0113922764490905,0.0113922774664157,,0.0113922764490905,-5.724587470723463e-17,0.0,0.0,0.0,0.0,1.0173251997758204e-09,0.0,0.0,0.0,0.0113922774664157,1.0173251425299457e-09,1e-07,0.0
2026-04-30,CZ,new_accounts,146.0,146.0,0.0,146.0,0.0,146.0,0.0,146.0,,146.0,,,146.0,0.0,0.0,0.0,0.0,0.0,0.0,0.0,0.0,0.0,146.0,0.0,0.5,0.0
2026-04-30,CZ,new_originations_eur,656443.926,656443.926,0.0,656443.926,0.0,656443.926,0.0,656443.926,658479.618,656443.926,658479.65,,656443.926,0.0,0.0,2035.6920000000391,0.03200000000651926,0.0,0.0,0.0,0.0,0.0,658479.65,2035.7240000000456,0.1,0.0
2026-04-30,CZ,portfolio_balance_eur,9618585.422725413,8765541.600141011,-853043.8225844018,8765541.600141011,0.0,8765541.600141011,0.0,8765541.600141011,,8765541.60014101,8765541.42,,8765541.60014101,-1.862645149230957e-09,-0.18014100939035416,0.0,0.0,0.0,0.0,0.0,0.0,0.0,8765541.42,-853044.0027254131,0.1,0.0
2026-04-30,GROUP,approval_rate,0.5111821086261981,0.5111821086261981,0.0,0.5111821086261981,0.0,0.5111821086261981,0.0,0.5111821086261981,,0.5111821086261981,0.5727923627684964,,0.5111821086261981,0.0,0.0,0.0,0.0,0.0,0.0,0.06161025414229837,0.0,0.0,0.5727923627684964,0.06161025414229837,1e-07,0.0
2026-04-30,GROUP,avg_balance_per_customer_eur,2886.4516874915475,2627.1857522182277,-259.2659352733199,2583.0484984164464,-44.1372538017813,2583.0484984164464,0.0,2583.0484984164464,,2583.048498416446,2684.9698653792598,2684.969918138569,2583.048498416446,-4.547473508864641e-13,0.0,0.0,0.0,0.0,0.0,0.0,101.92141972212312,-5.2759309255634435e-05,2684.9698653792598,-201.48182211228777,0.1,0.0
2026-04-30,GROUP,dpd30_rate,0.036416993428255585,0.036411136117245536,-5.857311010049049e-06,0.036383113579255916,-2.8022537989620677e-05,0.03482413529633713,-0.0015589782829187881,0.03482413529633713,,0.0348241352963371,0.0348241363056625,,0.0348241352963371,-2.7755575615628914e-17,0.0,0.0,0.0,1.00932540103571e-09,0.0,0.0,0.0,0.0,0.0348241363056625,-0.0015928571225930846,1e-07,0.0
2026-04-30,GROUP,dpd90_rate,0.018082961914599516,0.01807813220523885,-4.829709360665291e-06,0.018056361179215916,-2.1771026022934098e-05,0.018056361179215916,0.0,0.018056361179215916,,0.0180563611792159,0.0180563617954726,,0.0180563611792159,-1.734723475976807e-17,0.0,0.0,0.0,0.0,6.162567019185605e-10,0.0,0.0,0.0,0.0180563617954726,-2.6600119126914817e-05,1e-07,0.0
2026-04-30,GROUP,new_accounts,470.0,470.0,0.0,470.0,0.0,470.0,0.0,470.0,,470.0,,,470.0,0.0,0.0,0.0,0.0,0.0,0.0,0.0,0.0,0.0,470.0,0.0,0.5,0.0
2026-04-30,GROUP,new_originations_eur,2324202.3623,2324202.3623,0.0,2284399.1648,-39803.19750000024,2284399.1648,0.0,2284399.1648,2292563.3037,2284399.1648,2292563.4,,2284399.1648,0.0,0.0,8164.138900000136,0.09629999985918403,0.0,0.0,0.0,0.0,0.0,2292563.4,-31638.962300000247,0.1,0.0
2026-04-30,GROUP,portfolio_balance_eur,32316713.093155365,29413971.68183528,-2902741.4113200866,28919810.988270532,-494160.6935647465,28919810.988270532,0.0,28919810.988270532,,28919810.98827053,28919810.42,,28919810.98827053,-3.725290298461914e-09,-0.5682705268263817,0.0,0.0,0.0,0.0,0.0,0.0,0.0,28919810.42,-3396902.6731553636,0.1,0.0
2026-04-30,PL,approval_rate,0.5084745762711864,0.5084745762711864,0.0,0.5084745762711864,0.0,0.5084745762711864,0.0,0.5084745762711864,,0.5084745762711864,0.5785123966942148,,0.5084745762711864,0.0,0.0,0.0,0.0,0.0,0.0,0.07003782042302842,0.0,0.0,0.5785123966942148,0.07003782042302842,1e-07,0.0
2026-04-30,PL,avg_balance_per_customer_eur,2910.629258176852,2644.6724566346797,-265.95680154217234,2644.6724566346797,0.0,2644.6724566346797,0.0,2644.6724566346797,,2644.67245663468,2756.516042073303,2756.516119407129,2644.67245663468,4.547473508864641e-13,0.0,0.0,0.0,0.0,0.0,0.0,111.84366277244862,-7.733382562946645e-05,2756.516042073303,-154.1132161035489,0.1,0.0
2026-04-30,PL,dpd30_rate,0.04104029582647019,0.04104029582647019,0.0,0.04104029582647019,0.0,0.03752785215687462,-0.0035124436695955705,0.03752785215687462,,0.0375278521568746,0.0375278545747292,,0.0375278521568746,-2.0816681711721685e-17,0.0,0.0,0.0,2.417854604030989e-09,0.0,0.0,0.0,0.0,0.0375278545747292,-0.0035124412517409873,1e-07,0.0
2026-04-30,PL,dpd90_rate,0.021893236844771187,0.021893236844771187,0.0,0.021893236844771187,0.0,0.021893236844771187,0.0,0.021893236844771187,,0.0218932368447711,0.0218932384897579,,0.0218932368447711,-8.673617379884035e-17,0.0,0.0,0.0,0.0,1.644986799553827e-09,0.0,0.0,0.0,0.0218932384897579,1.6449867128176532e-09,1e-07,0.0
2026-04-30,PL,new_accounts,207.0,207.0,0.0,207.0,0.0,207.0,0.0,207.0,,207.0,,,207.0,0.0,0.0,0.0,0.0,0.0,0.0,0.0,0.0,0.0,207.0,0.0,0.5,0.0
2026-04-30,PL,new_originations_eur,1028364.9563,1028364.9563,0.0,1028364.9563,0.0,1028364.9563,0.0,1028364.9563,1034378.9988,1028364.9563,1034379.03,,1028364.9563,0.0,0.0,6014.042499999981,0.03120000008493662,0.0,0.0,0.0,0.0,0.0,1034379.03,6014.073700000066,0.1,0.0
2026-04-30,PL,portfolio_balance_eur,13988484.214797951,12710295.82658627,-1278188.3882116806,12710295.82658627,0.0,12710295.82658627,0.0,12710295.82658627,,12710295.82658627,12710295.47,,12710295.82658627,0.0,-0.3565862700343132,0.0,0.0,0.0,0.0,0.0,0.0,0.0,12710295.47,-1278188.7447979506,0.1,0.0
2026-04-30,RO,approval_rate,0.49137931034482757,0.49137931034482757,0.0,0.49137931034482757,0.0,0.49137931034482757,0.0,0.49137931034482757,,0.4913793103448275,0.5428571428571428,,0.4913793103448275,-5.551115123125783e-17,0.0,0.0,0.0,0.0,0.0,0.0514778325123153,0.0,0.0,0.5428571428571428,0.05147783251231525,1e-07,0.0
2026-04-30,RO,avg_balance_per_customer_eur,3043.2017664682044,2773.631815201957,-269.56995126624724,2600.969099071716,-172.66271613024128,2600.969099071716,0.0,2600.969099071716,,2600.969099071716,2698.0694200797398,2698.069431512595,2600.969099071716,0.0,0.0,0.0,0.0,0.0,0.0,0.0,97.10033244087936,-1.1432855444581946e-05,2698.0694200797398,-345.1323463884646,0.1,0.0
2026-04-30,RO,dpd30_rate,0.038051101643895094,0.038051101643895094,0.0,0.038051101643895094,0.0,0.04012653477547745,0.0020754331315823576,0.04012653477547745,,0.0401265347754774,0.0401265330668095,,0.0401265347754774,-4.85722573273506e-17,0.0,0.0,0.0,-1.7086679016120598e-09,0.0,0.0,0.0,0.0,0.0401265330668095,0.0020754314229144075,1e-07,0.0
2026-04-30,RO,dpd90_rate,0.01935223993133509,0.01935223993133509,0.0,0.01935223993133509,0.0,0.01935223993133509,0.0,0.01935223993133509,,0.019352239931335,0.0193522383468228,,0.019352239931335,-9.020562075079397e-17,0.0,0.0,0.0,0.0,-1.5845121985325061e-09,0.0,0.0,0.0,0.0193522383468228,-1.5845122887381269e-09,1e-07,0.0
2026-04-30,RO,new_accounts,117.0,117.0,0.0,117.0,0.0,117.0,0.0,117.0,,117.0,,,117.0,0.0,0.0,0.0,0.0,0.0,0.0,0.0,0.0,0.0,117.0,0.0,0.5,0.0
2026-04-30,RO,new_originations_eur,639393.48,639393.48,0.0,599590.2825,-39803.19750000001,599590.2825,0.0,599590.2825,599704.6869,599590.2825,599704.72,,599590.2825,0.0,0.0,114.40439999999944,0.033100000000558794,0.0,0.0,0.0,0.0,0.0,599704.72,-39688.76000000001,0.1,0.0
2026-04-30,RO,portfolio_balance_eur,8709643.455632001,7938134.255108001,-771509.2005240005,7443973.561543251,-494160.6935647493,7443973.561543251,0.0,7443973.561543251,,7443973.56154325,7443973.53,,7443973.56154325,-9.313225746154785e-10,-0.03154325019568205,0.0,0.0,0.0,0.0,0.0,0.0,0.0,7443973.53,-1265669.925632001,0.1,0.0
2026-05-31,CZ,approval_rate,0.47540983606557374,0.47540983606557374,0.0,0.47540983606557374,0.0,0.47540983606557374,0.0,0.47540983606557374,,0.4754098360655737,0.5390334572490706,,0.4754098360655737,-5.551115123125783e-17,0.0,0.0,0.0,0.0,0.0,0.0636236211834969,0.0,0.0,0.5390334572490706,0.06362362118349685,1e-07,0.0
2026-05-31,CZ,avg_balance_per_customer_eur,2739.7837934766535,2479.8932986145383,-259.89049486211525,2479.8932986145383,0.0,2479.8932986145383,0.0,2479.8932986145383,,2479.8932986145383,2570.395244252873,2570.395151753632,2479.8932986145383,0.0,0.0,0.0,0.0,0.0,0.0,0.0,90.50185313909378,9.249924096366158e-05,2570.395244252873,-169.3885492237805,0.1,0.0
2026-05-31,CZ,dpd30_rate,0.02590399154434644,0.02590399154434644,0.0,0.02590399154434644,0.0,0.027176708340844093,0.0012727167964976527,0.027176708340844093,,0.027176708340844,0.0271767106974005,,0.027176708340844,-9.367506770274758e-17,0.0,0.0,0.0,2.3565565020200463e-09,0.0,0.0,0.0,0.0,0.0271767106974005,0.001272719153054061,1e-07,0.0
2026-05-31,CZ,dpd90_rate,0.010548916364571838,0.010548916364571838,0.0,0.010548916364571838,0.0,0.010548916364571838,0.0,0.010548916364571838,,0.0105489163645718,0.0105489177167054,,0.0105489163645718,-3.8163916471489756e-17,0.0,0.0,0.0,0.0,1.3521335995303474e-09,0.0,0.0,0.0,0.0105489177167054,1.352133561366431e-09,1e-07,0.0
2026-05-31,CZ,new_accounts,140.0,140.0,0.0,140.0,0.0,140.0,0.0,140.0,,140.0,,,140.0,0.0,0.0,0.0,0.0,0.0,0.0,0.0,0.0,0.0,140.0,0.0,0.5,0.0
2026-05-31,CZ,new_originations_eur,687569.905,687569.905,0.0,687569.905,0.0,687569.905,0.0,687569.905,687360.445,687569.905,687360.52,,687569.905,0.0,0.0,-209.46000000007916,0.0750000000698492,0.0,0.0,0.0,0.0,0.0,687360.52,-209.3850000000093,0.1,0.0
2026-05-31,CZ,portfolio_balance_eur,9882400.14307029,8944975.12810264,-937425.0149676502,8944975.12810264,0.0,8944975.12810264,0.0,8944975.12810264,,8944975.12810264,8944975.45,,8944975.12810264,0.0,0.3218973595649004,0.0,0.0,0.0,0.0,0.0,0.0,0.0,8944975.45,-937424.6930702906,0.1,0.0
2026-05-31,GROUP,approval_rate,0.505699481865285,0.505699481865285,0.0,0.505699481865285,0.0,0.505699481865285,0.0,0.505699481865285,,0.505699481865285,0.5674418604651162,,0.505699481865285,0.0,0.0,0.0,0.0,0.0,0.0,0.06174237859983123,0.0,0.0,0.5674418604651162,0.06174237859983123,1e-07,0.0
2026-05-31,GROUP,avg_balance_per_customer_eur,2894.2043083594976,2628.3174499735187,-265.88685838597894,2581.5523211263553,-46.765128847163396,2581.5523211263553,0.0,2581.5523211263553,,2581.5523211263558,2683.61045636728,2683.6104107026754,2581.5523211263558,4.547473508864641e-13,0.0,0.0,0.0,0.0,0.0,0.0,102.05808957631962,4.5664604840567335e-05,2683.61045636728,-210.59385199221742,0.1,0.0
2026-05-31,GROUP,dpd30_rate,0.03441007028875587,0.03442201774204544,1.1947453289570809e-05,0.03432425497717027,-9.776276487517138e-05,0.03453512678751769,0.00021087181034742247,0.03453512678751769,,0.0345351267875176,0.0345351258796438,,0.0345351267875176,-9.020562075079397e-17,0.0,0.0,0.0,-9.078737969736572e-10,0.0,0.0,0.0,0.0,0.0345351258796438,0.00012505559088793472,1e-07,0.0
2026-05-31,GROUP,dpd90_rate,0.016006333587040622,0.01601399625944855,7.662672407926507e-06,0.01593901593740963,-7.498032203891863e-05,0.01593901593740963,0.0,0.01593901593740963,,0.0159390159374096,0.015939015674148,,0.0159390159374096,-3.122502256758253e-17,0.0,0.0,0.0,0.0,-2.632616000197707e-10,0.0,0.0,0.0,0.015939015674148,-6.731791289262337e-05,1e-07,0.0
2026-05-31,GROUP,new_accounts,437.0,437.0,0.0,437.0,0.0,437.0,0.0,437.0,,437.0,,,437.0,0.0,0.0,0.0,0.0,0.0,0.0,0.0,0.0,0.0,437.0,0.0,0.5,0.0
2026-05-31,GROUP,new_originations_eur,2155180.8562000003,2155180.8562000003,0.0,2119965.6157,-35215.240500000305,2119965.6157,0.0,2119965.6157,2111436.7555,2119965.6157,2111436.92,,2119965.6157,0.0,0.0,-8528.860199999996,0.16449999995529652,0.0,0.0,0.0,0.0,0.0,2111436.92,-43743.936200000346,0.1,0.0
2026-05-31,GROUP,portfolio_balance_eur,33028659.566998586,29994358.739097796,-3034300.8279007897,29460675.08869397,-533683.6504038274,29460675.08869397,0.0,29460675.08869397,,29460675.08869397,29460675.59,,29460675.08869397,0.0,0.5013060308992863,0.0,0.0,0.0,0.0,0.0,0.0,0.0,29460675.59,-3567983.976998586,0.1,0.0
2026-05-31,PL,approval_rate,0.5154394299287411,0.5154394299287411,0.0,0.5154394299287411,0.0,0.5154394299287411,0.0,0.5154394299287411,,0.5154394299287411,0.5771276595744681,,0.5154394299287411,0.0,0.0,0.0,0.0,0.0,0.0,0.061688229645726955,0.0,0.0,0.5771276595744681,0.061688229645726955,1e-07,0.0
2026-05-31,PL,avg_balance_per_customer_eur,2933.920112188979,2668.1443252388385,-265.7757869501406,2668.1443252388385,0.0,2668.1443252388385,0.0,2668.1443252388385,,2668.1443252388385,2781.900289916862,2781.9002120535406,2668.1443252388385,0.0,0.0,0.0,0.0,0.0,0.0,0.0,113.75588681470208,7.786332162140752e-05,2781.900289916862,-152.01982227211693,0.1,0.0
2026-05-31,PL,dpd30_rate,0.03695248193167251,0.03695248193167251,0.0,0.03695248193167251,0.0,0.033050280994551234,-0.003902200937121278,0.033050280994551234,,0.0330502809945512,0.0330502800564454,,0.0330502809945512,-3.469446951953614e-17,0.0,0.0,0.0,-9.381058013735455e-10,0.0,0.0,0.0,0.0,0.0330502800564454,-0.003902201875227114,1e-07,0.0
2026-05-31,PL,dpd90_rate,0.017222764879450656,0.017222764879450656,0.0,0.017222764879450656,0.0,0.017222764879450656,0.0,0.017222764879450656,,0.0172227648794506,0.017222764071653,,0.0172227648794506,-5.551115123125783e-17,0.0,0.0,0.0,0.0,-8.077975996445552e-10,0.0,0.0,0.0,0.017222764071653,-8.077976551557065e-10,1e-07,0.0
2026-05-31,PL,new_accounts,189.0,189.0,0.0,189.0,0.0,189.0,0.0,189.0,,189.0,,,189.0,0.0,0.0,0.0,0.0,0.0,0.0,0.0,0.0,0.0,189.0,0.0,0.5,0.0
2026-05-31,PL,new_originations_eur,939762.7512,939762.7512,0.0,939762.7512,0.0,939762.7512,0.0,939762.7512,930986.862,939762.7512,930986.88,,939762.7512,0.0,0.0,-8775.889200000092,0.01800000004004687,0.0,0.0,0.0,0.0,0.0,930986.88,-8775.871200000052,0.1,0.0
2026-05-31,PL,portfolio_balance_eur,14349803.268716298,13049893.89474316,-1299909.3739731386,13049893.89474316,0.0,13049893.89474316,0.0,13049893.89474316,,13049893.89474316,13049894.26,,13049893.89474316,0.0,0.3652568403631449,0.0,0.0,0.0,0.0,0.0,0.0,0.0,13049894.26,-1299909.0087162983,0.1,0.0
2026-05-31,RO,approval_rate,0.5271966527196653,0.5271966527196653,0.0,0.5271966527196653,0.0,0.5271966527196653,0.0,0.5271966527196653,,0.5271966527196653,0.586046511627907,,0.5271966527196653,0.0,0.0,0.0,0.0,0.0,0.0,0.05884985890824168,0.0,0.0,0.586046511627907,0.05884985890824168,1e-07,0.0
2026-05-31,RO,avg_balance_per_customer_eur,3018.6877677460534,2745.192078329444,-273.49568941660937,2562.0473801812527,-183.1446981481913,2562.0473801812527,0.0,2562.0473801812527,,2562.0473801812527,2659.7099679373,2659.710034146124,2562.0473801812527,0.0,0.0,0.0,0.0,0.0,0.0,0.0,97.66265396487142,-6.620882413699292e-05,2659.7099679373,-358.9777998087534,0.1,0.0
2026-05-31,RO,dpd30_rate,0.03981876738873299,0.03981876738873299,0.0,0.03981876738873299,0.0,0.0459468818323838,0.0061281144436508145,0.0459468818323838,,0.0459468818323837,0.0459468777401429,,0.0459468818323837,-1.0408340855860843e-16,0.0,0.0,0.0,-4.0922407962273866e-09,0.0,0.0,0.0,0.0,0.0459468777401429,0.006128110351409914,1e-07,0.0
2026-05-31,RO,dpd90_rate,0.02015309796129519,0.02015309796129519,0.0,0.02015309796129519,0.0,0.02015309796129519,0.0,0.02015309796129519,,0.0201530979612951,0.020153096988908,,0.0201530979612951,-9.020562075079397e-17,0.0,0.0,0.0,0.0,-9.723871013944674e-10,0.0,0.0,0.0,0.020153096988908,-9.723871916000881e-10,1e-07,0.0
2026-05-31,RO,new_accounts,108.0,108.0,0.0,108.0,0.0,108.0,0.0,108.0,,108.0,,,108.0,0.0,0.0,0.0,0.0,0.0,0.0,0.0,0.0,0.0,108.0,0.0,0.5,0.0
2026-05-31,RO,new_originations_eur,527848.2,527848.2,0.0,492632.9595,-35215.240499999956,492632.9595,0.0,492632.9595,493089.4485,492632.9595,493089.52,,492632.9595,0.0,0.0,456.4890000000014,0.07150000002002344,0.0,0.0,0.0,0.0,0.0,493089.52,-34758.679999999935,0.1,0.0
2026-05-31,RO,portfolio_balance_eur,8796456.155212,7999489.716252,-796966.4389599999,7465806.06584817,-533683.6504038302,7465806.06584817,0.0,7465806.06584817,,7465806.06584817,7465805.88,,7465806.06584817,0.0,-0.18584816996008158,0.0,0.0,0.0,0.0,0.0,0.0,0.0,7465805.88,-1330650.2752120001,0.1,0.0
2026-06-30,CZ,approval_rate,0.5087719298245614,0.5087719298245614,0.0,0.5087719298245614,0.0,0.5087719298245614,0.0,0.5087719298245614,,0.5087719298245614,0.5598455598455598,,0.5087719298245614,0.0,0.0,0.0,0.0,0.0,0.0,0.051073630020998406,0.0,0.0,0.5598455598455598,0.051073630020998406,1e-07,0.0
2026-06-30,CZ,avg_balance_per_customer_eur,2743.832732044933,2470.0360750044374,-273.7966570404956,2470.0360750044374,0.0,2470.0360750044374,0.0,2470.0360750044374,,2470.036075004437,2556.151326530613,2556.15127829966,2470.036075004437,-4.547473508864641e-13,0.0,0.0,0.0,0.0,0.0,0.0,86.11520329522318,4.823095287065371e-05,2556.151326530613,-187.68140551431998,0.1,0.0
2026-06-30,CZ,dpd30_rate,0.026870110806558743,0.026870110806558743,0.0,0.026870110806558743,0.0,0.026865137557227234,-4.9732493315086945e-06,0.026865137557227234,,0.0268651375572272,0.0268651345065531,,0.0268651375572272,-3.469446951953614e-17,0.0,0.0,0.0,-3.050674098753481e-09,0.0,0.0,0.0,0.0,0.0268651345065531,-4.9763000056421425e-06,1e-07,0.0
2026-06-30,CZ,dpd90_rate,0.008777693374451181,0.008777693374451181,0.0,0.008777693374451181,0.0,0.008777693374451181,0.0,0.008777693374451181,,0.0087776933744511,0.008777688592713,,0.0087776933744511,-8.153200337090993e-17,0.0,0.0,0.0,0.0,-4.781738099229882e-09,0.0,0.0,0.0,0.008777688592713,-4.781738180761885e-09,1e-07,0.0
2026-06-30,CZ,new_accounts,127.0,127.0,0.0,127.0,0.0,127.0,0.0,127.0,,127.0,,,127.0,0.0,0.0,0.0,0.0,0.0,0.0,0.0,0.0,0.0,127.0,0.0,0.5,0.0
2026-06-30,CZ,new_originations_eur,620112.145,620112.145,0.0,620112.145,0.0,620112.145,0.0,620112.145,620996.553,620112.145,620996.57,,620112.145,0.0,0.0,884.4079999999376,0.01699999999254942,0.0,0.0,0.0,0.0,0.0,620996.57,884.4249999999302,0.1,0.0
2026-06-30,CZ,portfolio_balance_eur,10017733.30469605,9018101.709841201,-999631.5948548485,9018101.709841201,0.0,9018101.709841201,0.0,9018101.709841201,,9018101.7098412,9018101.88,,9018101.7098412,-1.862645149230957e-09,0.17015880160033703,0.0,0.0,0.0,0.0,0.0,0.0,0.0,9018101.88,-999631.4246960487,0.1,0.0
2026-06-30,GROUP,approval_rate,0.503800217155266,0.503800217155266,0.0,0.503800217155266,0.0,0.503800217155266,0.0,0.503800217155266,,0.503800217155266,0.5631067961165048,,0.503800217155266,0.0,0.0,0.0,0.0,0.0,0.0,0.05930657896123881,0.0,0.0,0.5631067961165048,0.05930657896123881,1e-07,0.0
2026-06-30,GROUP,avg_balance_per_customer_eur,2889.1412114939467,2611.207001266916,-277.9342102270307,2562.6994940985514,-48.507507168364555,2562.6994940985514,0.0,2562.6994940985514,,2562.699494098551,2661.053737950732,2661.053723165168,2562.699494098551,-4.547473508864641e-13,0.0,0.0,0.0,0.0,0.0,0.0,98.35422906661688,1.4785563962504966e-05,2661.053737950732,-228.08747354321486,0.1,0.0
2026-06-30,GROUP,dpd30_rate,0.03417891300629464,0.03419687335495597,1.7960348661333336e-05,0.03398843371944301,-0.00020843963551295946,0.03586235347606889,0.0018739197566258817,0.03586235347606889,,0.0358623534760688,0.0358623536768387,,0.0358623534760688,-9.020562075079397e-17,0.0,0.0,0.0,2.0076990070450051e-10,0.0,0.0,0.0,0.0,0.0358623536768387,0.001683440670544066,1e-07,0.0
2026-06-30,GROUP,dpd90_rate,0.015439416846437832,0.015450905804345575,1.148895790774318e-05,0.015390550709427084,-6.035509491849125e-05,0.015390550709427084,0.0,0.015390550709427084,,0.015390550709427,0.0153905509016922,,0.015390550709427,-8.500145032286355e-17,0.0,0.0,0.0,0.0,1.9226520028836624e-10,0.0,0.0,0.0,0.0153905509016922,-4.8865944745632786e-05,1e-07,0.0
2026-06-30,GROUP,new_accounts,450.0,450.0,0.0,450.0,0.0,450.0,0.0,450.0,,450.0,,,450.0,0.0,0.0,0.0,0.0,0.0,0.0,0.0,0.0,0.0,450.0,0.0,0.5,0.0
2026-06-30,GROUP,new_originations_eur,2254529.312,2254529.312,0.0,2212234.6776,-42294.634399999864,2212234.6776,0.0,2212234.6776,2218190.8556,2212234.6776,2218190.94,,2212234.6776,0.0,0.0,5956.17799999984,0.08440000005066395,0.0,0.0,0.0,0.0,0.0,2218190.94,-36338.371999999974,0.1,0.0
2026-06-30,GROUP,portfolio_balance_eur,33612268.854520574,30378782.252739303,-3233486.6017812714,29814445.914342545,-564336.3383967578,29814445.914342545,0.0,29814445.914342545,,29814445.91434254,29814446.08,,29814445.91434254,-3.725290298461914e-09,0.16565745696425438,0.0,0.0,0.0,0.0,0.0,0.0,0.0,29814446.08,-3797822.774520576,0.1,0.0
2026-06-30,PL,approval_rate,0.49257425742574257,0.49257425742574257,0.0,0.49257425742574257,0.0,0.49257425742574257,0.0,0.49257425742574257,,0.4925742574257425,0.5637393767705382,,0.4925742574257425,-5.551115123125783e-17,0.0,0.0,0.0,0.0,0.0,0.07116511934479569,0.0,0.0,0.5637393767705382,0.07116511934479564,1e-07,0.0
2026-06-30,PL,avg_balance_per_customer_eur,2920.5560294223437,2641.3688809475143,-279.1871484748294,2641.3688809475143,0.0,2641.3688809475143,0.0,2641.3688809475143,,2641.3688809475143,2750.647970893971,2750.6479677060497,2641.3688809475143,0.0,0.0,0.0,0.0,0.0,0.0,0.0,109.27908675853541,3.187921265634941e-06,2750.647970893971,-169.90805852837275,0.1,0.0
2026-06-30,PL,dpd30_rate,0.03242406437900093,0.03242406437900093,0.0,0.03242406437900093,0.0,0.035159393196153514,0.002735328817152584,0.035159393196153514,,0.0351593931961535,0.035159393484177,,0.0351593931961535,-1.3877787807814457e-17,0.0,0.0,0.0,2.8802350088286133e-10,0.0,0.0,0.0,0.0,0.035159393484177,0.002735329105176071,1e-07,0.0
2026-06-30,PL,dpd90_rate,0.01804005422636288,0.01804005422636288,0.0,0.01804005422636288,0.0,0.01804005422636288,0.0,0.01804005422636288,,0.0180400542263628,0.0180400554781696,,0.0180400542263628,-7.979727989493313e-17,0.0,0.0,0.0,0.0,1.2518068005784588e-09,0.0,0.0,0.0,0.0180400554781696,1.251806720781179e-09,1e-07,0.0
2026-06-30,PL,new_accounts,203.0,203.0,0.0,203.0,0.0,203.0,0.0,203.0,,203.0,,,203.0,0.0,0.0,0.0,0.0,0.0,0.0,0.0,0.0,0.0,203.0,0.0,0.5,0.0
2026-06-30,PL,new_originations_eur,1025103.087,1025103.087,0.0,1025103.087,0.0,1025103.087,0.0,1025103.087,1029296.621,1025103.087,1029296.69,,1025103.087,0.0,0.0,4193.533999999985,0.06899999990127981,0.0,0.0,0.0,0.0,0.0,1029296.69,4193.602999999886,0.1,0.0
2026-06-30,PL,portfolio_balance_eur,14629065.15137652,13230616.7246661,-1398448.4267104194,13230616.7246661,0.0,13230616.7246661,0.0,13230616.7246661,,13230616.7246661,13230616.74,,13230616.7246661,0.0,0.015333900228142738,0.0,0.0,0.0,0.0,0.0,0.0,0.0,13230616.74,-1398448.4113765191,0.1,0.0
2026-06-30,RO,approval_rate,0.5172413793103449,0.5172413793103449,0.0,0.5172413793103449,0.0,0.5172413793103449,0.0,0.5172413793103449,,0.5172413793103449,0.5660377358490566,,0.5172413793103449,0.0,0.0,0.0,0.0,0.0,0.0,0.04879635653871173,0.0,0.0,0.5660377358490566,0.04879635653871173,1e-07,0.0
2026-06-30,RO,avg_balance_per_customer_eur,3014.616811852052,2733.71345602959,-280.9033558224619,2543.956785418709,-189.75667061088097,2543.956785418709,0.0,2543.956785418709,,2543.956785418709,2639.8211653872995,2639.8211723081786,2543.956785418709,0.0,0.0,0.0,0.0,0.0,0.0,0.0,95.86438688946964,-6.920879059180152e-06,2639.8211653872995,-374.7956464647523,0.1,0.0
2026-06-30,RO,dpd30_rate,0.04520894508696851,0.04520894508696851,0.0,0.04520894508696851,0.0,0.04781604947407889,0.0026071043871103775,0.04781604947407889,,0.0478160494740788,0.0478160536329972,,0.0478160494740788,-8.326672684688674e-17,0.0,0.0,0.0,4.158918397167977e-09,0.0,0.0,0.0,0.0,0.0478160536329972,0.0026071085460286914,1e-07,0.0
2026-06-30,RO,dpd90_rate,0.018639525056145828,0.018639525056145828,0.0,0.018639525056145828,0.0,0.018639525056145828,0.0,0.018639525056145828,,0.0186395250561458,0.0186395294762573,,0.0186395250561458,-2.7755575615628914e-17,0.0,0.0,0.0,0.0,4.420111499037205e-09,0.0,0.0,0.0,0.0186395294762573,4.420111471281629e-09,1e-07,0.0
2026-06-30,RO,new_accounts,120.0,120.0,0.0,120.0,0.0,120.0,0.0,120.0,,120.0,,,120.0,0.0,0.0,0.0,0.0,0.0,0.0,0.0,0.0,0.0,120.0,0.0,0.5,0.0
2026-06-30,RO,new_originations_eur,609314.08,609314.08,0.0,567019.4456,-42294.63439999998,567019.4456,0.0,567019.4456,567897.6816,567019.4456,567897.68,,567019.4456,0.0,0.0,878.2360000000335,-0.0015999999595806003,0.0,0.0,0.0,0.0,0.0,567897.68,-41416.39999999991,0.1,0.0
2026-06-30,RO,portfolio_balance_eur,8965470.398448002,8130063.818232,-835406.5802160017,7565727.47983524,-564336.3383967597,7565727.47983524,0.0,7565727.47983524,,7565727.47983524,7565727.46,,7565727.47983524,0.0,-0.019835240207612514,0.0,0.0,0.0,0.0,0.0,0.0,0.0,7565727.46,-1399742.9384480016,0.1,0.0
2026-07-31,CZ,approval_rate,0.4889705882352941,0.4889705882352941,0.0,0.4889705882352941,0.0,0.4889705882352941,0.0,0.4889705882352941,,0.4889705882352941,0.5362903225806451,,0.4889705882352941,0.0,0.0,0.0,0.0,0.0,0.0,0.04731973434535103,0.0,0.0,0.5362903225806451,0.04731973434535103,1e-07,0.0
2026-07-31,CZ,avg_balance_per_customer_eur,2720.5467229106494,2449.4811732823537,-271.0655496282957,2449.4811732823537,0.0,2449.4811732823537,0.0,2449.4811732823537,,2449.4811732823537,2534.912366071429,2534.9122967924804,2449.4811732823537,0.0,0.0,0.0,0.0,0.0,0.0,0.0,85.43112351012678,6.927894855834893e-05,2534.912366071429,-185.63435683922035,0.1,0.0
2026-07-31,CZ,dpd30_rate,0.026551488577658794,0.026551488577658794,0.0,0.026551488577658794,0.0,0.03255033100771914,0.005998842430060346,0.03255033100771914,,0.0325503310077191,0.0325503325549944,,0.0325503310077191,-4.163336342344337e-17,0.0,0.0,0.0,1.5472753009393436e-09,0.0,0.0,0.0,0.0,0.0325503325549944,0.005998843977335605,1e-07,0.0
2026-07-31,CZ,dpd90_rate,0.010345488466046581,0.010345488466046581,0.0,0.010345488466046581,0.0,0.010345488466046581,0.0,0.010345488466046581,,0.0103454884660465,0.0103454900710941,,0.0103454884660465,-8.153200337090993e-17,0.0,0.0,0.0,0.0,1.6050476000367686e-09,0.0,0.0,0.0,0.0103454900710941,1.6050475185047652e-09,1e-07,0.0
2026-07-31,CZ,new_accounts,131.0,131.0,0.0,131.0,0.0,131.0,0.0,131.0,,131.0,,,131.0,0.0,0.0,0.0,0.0,0.0,0.0,0.0,0.0,0.0,131.0,0.0,0.5,0.0
2026-07-31,CZ,new_originations_eur,628608.505,628608.505,0.0,628608.505,0.0,628608.505,0.0,628608.505,630972.118,628608.505,630972.09,,628608.505,0.0,0.0,2363.613000000012,-0.028000000049360096,0.0,0.0,0.0,0.0,0.0,630972.09,2363.5849999999627,0.1,0.0
2026-07-31,CZ,portfolio_balance_eur,10090507.795275599,9085125.67170425,-1005382.1235713493,9085125.67170425,0.0,9085125.67170425,0.0,9085125.67170425,,9085125.67170425,9085125.92,,9085125.67170425,0.0,0.24829575046896935,0.0,0.0,0.0,0.0,0.0,0.0,0.0,9085125.92,-1005381.8752755988,0.1,0.0
2026-07-31,GROUP,approval_rate,0.4931350114416476,0.4931350114416476,0.0,0.4931350114416476,0.0,0.4931350114416476,0.0,0.4931350114416476,,0.4931350114416476,0.5483460559796438,,0.4931350114416476,0.0,0.0,0.0,0.0,0.0,0.0,0.05521104453799619,0.0,0.0,0.5483460559796438,0.05521104453799619,1e-07,0.0
2026-07-31,GROUP,avg_balance_per_customer_eur,2848.078673833228,2571.8164670229776,-276.2622068102505,2521.91401927258,-49.90244775039764,2521.91401927258,0.0,2521.91401927258,,2521.91401927258,2618.8084464568315,2618.808377143348,2521.91401927258,0.0,0.0,0.0,0.0,0.0,0.0,0.0,96.89435787076809,6.93134834364173e-05,2618.8084464568315,-229.27022737639663,0.1,0.0
2026-07-31,GROUP,dpd30_rate,0.03582323869436997,0.035837606791378145,1.4368097008173042e-05,0.035609872754470716,-0.00022773403690742877,0.03495848312127351,-0.0006513896331972052,0.03495848312127351,,0.0349584831212735,0.0349584838225004,,0.0349584831212735,-1.3877787807814457e-17,0.0,0.0,0.0,7.012269029327278e-10,0.0,0.0,0.0,0.0,0.0349584838225004,-0.0008647548718695719,1e-07,0.0
2026-07-31,GROUP,dpd90_rate,0.015815163176331123,0.015823295823133136,8.132646802012228e-06,0.015707494928086593,-0.00011580089504654306,0.015707494928086593,0.0,0.015707494928086593,,0.0157074949280865,0.0157074957835175,,0.0157074949280865,-9.367506770274758e-17,0.0,0.0,0.0,0.0,8.554310003405785e-10,0.0,0.0,0.0,0.0157074957835175,-0.00010766739281362417,1e-07,0.0
2026-07-31,GROUP,new_accounts,405.0,405.0,0.0,405.0,0.0,405.0,0.0,405.0,,405.0,,,405.0,0.0,0.0,0.0,0.0,0.0,0.0,0.0,0.0,0.0,405.0,0.0,0.5,0.0
2026-07-31,GROUP,new_originations_eur,2024643.1918000001,2024643.1918000001,0.0,1983542.7467,-41100.44510000013,1983542.7467,0.0,1983542.7467,1993430.7369,1983542.7467,1993430.76,,1983542.7467,0.0,0.0,9887.990199999884,0.02310000010766089,0.0,0.0,0.0,0.0,0.0,1993430.76,-31212.431800000137,0.1,0.0
2026-07-31,GROUP,portfolio_balance_eur,33638657.21664426,30375724.29200839,-3262932.9246358685,29786326.48162844,-589397.8103799485,29786326.48162844,0.0,29786326.48162844,,29786326.48162844,29786327.27,,29786326.48162844,0.0,0.7883715592324734,0.0,0.0,0.0,0.0,0.0,0.0,0.0,29786327.27,-3852329.9466442578,0.1,0.0
2026-07-31,PL,approval_rate,0.5106951871657754,0.5106951871657754,0.0,0.5106951871657754,0.0,0.5106951871657754,0.0,0.5106951871657754,,0.5106951871657754,0.5684523809523809,,0.5106951871657754,0.0,0.0,0.0,0.0,0.0,0.0,0.05775719378660549,0.0,0.0,0.5684523809523809,0.05775719378660549,1e-07,0.0
2026-07-31,PL,avg_balance_per_customer_eur,2843.1380779290234,2569.2240103563427,-273.9140675726808,2569.2240103563427,0.0,2569.2240103563427,0.0,2569.2240103563427,,2569.2240103563427,2675.924713584288,2675.924598347819,2569.2240103563427,0.0,0.0,0.0,0.0,0.0,0.0,0.0,106.70058799147637,0.00011523646890054806,2675.924713584288,-167.2133643447355,0.1,0.0
2026-07-31,PL,dpd30_rate,0.03506306909152659,0.03506306909152659,0.0,0.03506306909152659,0.0,0.030884207896703406,-0.004178861194823181,0.030884207896703406,,0.0308842078967034,0.0308842095364497,,0.0308842078967034,-6.938893903907228e-18,0.0,0.0,0.0,1.6397463005468627e-09,0.0,0.0,0.0,0.0,0.0308842095364497,-0.004178859555076887,1e-07,0.0
2026-07-31,PL,dpd90_rate,0.01595448168979278,0.01595448168979278,0.0,0.01595448168979278,0.0,0.01595448168979278,0.0,0.01595448168979278,,0.0159544816897927,0.0159544821375054,,0.0159544816897927,-7.979727989493313e-17,0.0,0.0,0.0,0.0,4.47712696777236e-10,0.0,0.0,0.0,0.0159544821375054,4.477126169799561e-10,1e-07,0.0
2026-07-31,PL,new_accounts,168.0,168.0,0.0,168.0,0.0,168.0,0.0,168.0,,168.0,,,168.0,0.0,0.0,0.0,0.0,0.0,0.0,0.0,0.0,0.0,168.0,0.0,0.5,0.0
2026-07-31,PL,new_originations_eur,823479.8468,823479.8468,0.0,823479.8468,0.0,823479.8468,0.0,823479.8468,830258.6506,823479.8468,830258.7,,823479.8468,0.0,0.0,6778.803799999994,0.049399999901652336,0.0,0.0,0.0,0.0,0.0,830258.7,6778.853199999896,0.1,0.0
2026-07-31,PL,portfolio_balance_eur,14474415.95473666,13079919.436724141,-1394496.518012518,13079919.436724141,0.0,13079919.436724141,0.0,13079919.436724141,,13079919.43672414,13079920.0,,13079919.43672414,-1.862645149230957e-09,0.5632758606225252,0.0,0.0,0.0,0.0,0.0,0.0,0.0,13079920.0,-1394495.9547366593,0.1,0.0
2026-07-31,RO,approval_rate,0.4692982456140351,0.4692982456140351,0.0,0.4692982456140351,0.0,0.4692982456140351,0.0,0.4692982456140351,,0.4692982456140351,0.5297029702970297,,0.4692982456140351,0.0,0.0,0.0,0.0,0.0,0.0,0.060404724682994626,0.0,0.0,0.5297029702970297,0.060404724682994626,1e-07,0.0
2026-07-31,RO,avg_balance_per_customer_eur,3013.528218741946,2726.894448216539,-286.6337705254073,2531.1462547990864,-195.7481934174525,2531.1462547990864,0.0,2531.1462547990864,,2531.1462547990864,2626.216867677464,2626.2168756719675,2531.1462547990864,0.0,0.0,0.0,0.0,0.0,0.0,0.0,95.07062087288114,-7.994503448571777e-06,2626.216867677464,-387.3113510644821,0.1,0.0
2026-07-31,RO,dpd30_rate,0.04734657451206116,0.04734657451206116,0.0,0.04734657451206116,0.0,0.04482159571451416,-0.002524978797546998,0.04482159571451416,,0.0448215957145141,0.0448215942060713,,0.0448215957145141,-6.245004513516506e-17,0.0,0.0,0.0,-1.5084428012235307e-09,0.0,0.0,0.0,0.0,0.0448215942060713,-0.0025249803059898615,1e-07,0.0
2026-07-31,RO,dpd90_rate,0.021675511772998254,0.021675511772998254,0.0,0.021675511772998254,0.0,0.021675511772998254,0.0,0.021675511772998254,,0.0216755117729982,0.0216755126091756,,0.0216755117729982,-5.204170427930421e-17,0.0,0.0,0.0,0.0,8.361773981557796e-10,0.0,0.0,0.0,0.0216755126091756,8.361773461140753e-10,1e-07,0.0
2026-07-31,RO,new_accounts,106.0,106.0,0.0,106.0,0.0,106.0,0.0,106.0,,106.0,,,106.0,0.0,0.0,0.0,0.0,0.0,0.0,0.0,0.0,0.0,106.0,0.0,0.5,0.0
2026-07-31,RO,new_originations_eur,572554.84,572554.84,0.0,531454.3949000001,-41100.445099999895,531454.3949000001,0.0,531454.3949000001,532199.9683,531454.3949,532199.97,,531454.3949,-1.1641532182693481e-10,0.0,745.5733999999939,0.0017000000225380063,0.0,0.0,0.0,0.0,0.0,532199.97,-40354.869999999995,0.1,0.0
2026-07-31,RO,portfolio_balance_eur,9073733.466632,8210679.183579999,-863054.2830520002,7621281.37320005,-589397.8103799494,7621281.37320005,0.0,7621281.37320005,,7621281.37320005,7621281.35,,7621281.37320005,0.0,-0.023200049996376038,0.0,0.0,0.0,0.0,0.0,0.0,0.0,7621281.35,-1452452.1166319996,0.1,0.0
2026-08-31,CZ,approval_rate,0.5033333333333333,0.5033333333333333,0.0,0.5033333333333333,0.0,0.5033333333333333,0.0,0.5033333333333333,,0.5033333333333333,0.5551470588235294,,0.5033333333333333,0.0,0.0,0.0,0.0,0.0,0.0,0.05181372549019614,0.0,0.0,0.5551470588235294,0.05181372549019614,1e-07,0.0
2026-08-31,CZ,avg_balance_per_customer_eur,2687.968054415147,2420.563700168451,-267.40435424669613,2420.563700168451,0.0,2420.563700168451,0.0,2420.563700168451,,2420.563700168451,2508.0779101615994,2508.0779177587647,2420.563700168451,0.0,0.0,0.0,0.0,0.0,0.0,0.0,87.51421759031382,-7.597165222250624e-06,2508.0779101615994,-179.89014425354753,0.1,0.0
2026-08-31,CZ,dpd30_rate,0.03236095121252351,0.03236095121252351,0.0,0.03236095121252351,0.0,0.028508797740681147,-0.0038521534718423643,0.028508797740681147,,0.0285087977406811,0.0285087971214828,,0.0285087977406811,-4.85722573273506e-17,0.0,0.0,0.0,-6.1919830027235e-10,0.0,0.0,0.0,0.0,0.0285087971214828,-0.003852154091040713,1e-07,0.0
2026-08-31,CZ,dpd90_rate,0.015000157641108122,0.015000157641108122,0.0,0.015000157641108122,0.0,0.015000157641108122,0.0,0.015000157641108122,,0.0150001576411081,0.0150001554276699,,0.0150001576411081,-2.0816681711721685e-17,0.0,0.0,0.0,0.0,-2.2134382000882358e-09,0.0,0.0,0.0,0.0150001554276699,-2.2134382209049175e-09,1e-07,0.0
2026-08-31,CZ,new_accounts,150.0,150.0,0.0,150.0,0.0,150.0,0.0,150.0,,150.0,,,150.0,0.0,0.0,0.0,0.0,0.0,0.0,0.0,0.0,0.0,150.0,0.0,0.5,0.0
2026-08-31,CZ,new_originations_eur,666092.525,666092.525,0.0,666092.525,0.0,666092.525,0.0,666092.525,663882.135,666092.525,663882.47,,666092.525,0.0,0.0,-2210.390000000014,0.3349999999627471,0.0,0.0,0.0,0.0,0.0,663882.47,-2210.055000000051,0.1,0.0
2026-08-31,CZ,portfolio_balance_eur,10168583.149852501,9156992.47773725,-1011590.6721152514,9156992.47773725,0.0,9156992.47773725,0.0,9156992.47773725,,9156992.47773725,9156992.45,,9156992.47773725,0.0,-0.027737250551581383,0.0,0.0,0.0,0.0,0.0,0.0,0.0,9156992.45,-1011590.699852502,0.1,0.0
2026-08-31,GROUP,approval_rate,0.5216473072861668,0.5216473072861668,0.0,0.5216473072861668,0.0,0.5216473072861668,0.0,0.5216473072861668,,0.5216473072861668,0.5771028037383178,,0.5216473072861668,0.0,0.0,0.0,0.0,0.0,0.0,0.055455496452150976,0.0,0.0,0.5771028037383178,0.055455496452150976,1e-07,0.0
2026-08-31,GROUP,avg_balance_per_customer_eur,2823.743818130219,2546.815038358548,-276.9287797716711,2495.843016857192,-50.97202150135581,2495.843016857192,0.0,2495.843016857192,,2495.8430168571927,2592.019024137931,2592.0190365585,2495.8430168571927,4.547473508864641e-13,0.0,0.0,0.0,0.0,0.0,0.0,96.17601970130727,-1.2420568964444101e-05,2592.019024137931,-231.72479399228814,0.1,0.0
2026-08-31,GROUP,dpd30_rate,0.03480786722403532,0.03480212495102847,-5.742273006849319e-06,0.03460956517672511,-0.0001925597743033594,0.03320236980946811,-0.0014071953672569956,0.03320236980946811,,0.0332023698094681,0.033202367127688,,0.0332023698094681,-1.3877787807814457e-17,0.0,0.0,0.0,-2.681780096602804e-09,0.0,0.0,0.0,0.0,0.033202367127688,-0.0016055000963473148,1e-07,0.0
2026-08-31,GROUP,dpd90_rate,0.01712948552749336,0.01712744575121485,-2.0397762785125118e-06,0.017028571136637895,-9.88746145769541e-05,0.017028571136637895,0.0,0.017028571136637895,,0.0170285711366378,0.0170285700742056,,0.0170285711366378,-9.367506770274758e-17,0.0,0.0,0.0,0.0,-1.0624322012431353e-09,0.0,0.0,0.0,0.0170285700742056,-0.00010091545328776153,1e-07,0.0
2026-08-31,GROUP,new_accounts,467.0,467.0,0.0,467.0,0.0,467.0,0.0,467.0,,467.0,,,467.0,0.0,0.0,0.0,0.0,0.0,0.0,0.0,0.0,0.0,467.0,0.0,0.5,0.0
2026-08-31,GROUP,new_originations_eur,2271414.7589999996,2271414.7589999996,0.0,2225682.8087999998,-45731.95019999985,2225682.8087999998,0.0,2225682.8087999998,2224260.5104,2225682.8088,2224260.91,,2225682.8088,4.656612873077393e-10,0.0,-1422.2984000002034,0.3996000001206994,0.0,0.0,0.0,0.0,0.0,2224260.91,-47153.84899999946,0.1,0.0
2026-08-31,GROUP,portfolio_balance_eur,34017641.77701475,30681480.76710543,-3336161.009909317,30067420.824078597,-614059.9430268332,30067420.824078597,0.0,30067420.824078597,,30067420.8240786,30067420.68,,30067420.8240786,3.725290298461914e-09,-0.1440786011517048,0.0,0.0,0.0,0.0,0.0,0.0,0.0,30067420.68,-3950221.0970147476,0.1,0.0
2026-08-31,PL,approval_rate,0.5155875299760192,0.5155875299760192,0.0,0.5155875299760192,0.0,0.5155875299760192,0.0,0.5155875299760192,,0.5155875299760192,0.5779569892473119,,0.5155875299760192,0.0,0.0,0.0,0.0,0.0,0.0,0.06236945927129267,0.0,0.0,0.5779569892473119,0.06236945927129267,1e-07,0.0
2026-08-31,PL,avg_balance_per_customer_eur,2808.883665875096,2538.2813164483237,-270.60234942677243,2538.2813164483237,0.0,2538.2813164483237,0.0,2538.2813164483237,,2538.281316448324,2643.471343343343,2643.471352985822,2538.281316448324,4.547473508864641e-13,0.0,0.0,0.0,0.0,0.0,0.0,105.19003653749769,-9.642478744353866e-06,2643.471343343343,-165.41232253175303,0.1,0.0
2026-08-31,PL,dpd30_rate,0.0305537517542744,0.0305537517542744,0.0,0.0305537517542744,0.0,0.03353678471463651,0.0029830329603621093,0.03353678471463651,,0.0335367847146365,0.0335367825139343,,0.0335367847146365,-6.938893903907228e-18,0.0,0.0,0.0,-2.2007022038028623e-09,0.0,0.0,0.0,0.0,0.0335367825139343,0.0029830307596598986,1e-07,0.0
2026-08-31,PL,dpd90_rate,0.015551992383696792,0.015551992383696792,0.0,0.015551992383696792,0.0,0.015551992383696792,0.0,0.015551992383696792,,0.0155519923836967,0.0155519920232044,,0.0155519923836967,-9.194034422677078e-17,0.0,0.0,0.0,0.0,-3.604922992062054e-10,0.0,0.0,0.0,0.0155519920232044,-3.6049239114654963e-10,1e-07,0.0
2026-08-31,PL,new_accounts,203.0,203.0,0.0,203.0,0.0,203.0,0.0,203.0,,203.0,,,203.0,0.0,0.0,0.0,0.0,0.0,0.0,0.0,0.0,0.0,203.0,0.0,0.5,0.0
2026-08-31,PL,new_originations_eur,985666.4739999999,985666.4739999999,0.0,985666.4739999999,0.0,985666.4739999999,0.0,985666.4739999999,986602.396,985666.474,986602.5,,985666.474,1.1641532182693481e-10,0.0,935.9219999999041,0.10400000005029142,0.0,0.0,0.0,0.0,0.0,986602.5,936.0260000000708,0.1,0.0
2026-08-31,PL,portfolio_balance_eur,14611812.82988225,13204139.408164179,-1407673.4217180703,13204139.408164179,0.0,13204139.408164179,0.0,13204139.408164179,,13204139.40816418,13204139.36,,13204139.40816418,1.862645149230957e-09,-0.04816418141126633,0.0,0.0,0.0,0.0,0.0,0.0,0.0,13204139.36,-1407673.4698822498,0.1,0.0
2026-08-31,RO,approval_rate,0.5565217391304348,0.5565217391304348,0.0,0.5565217391304348,0.0,0.5565217391304348,0.0,0.5565217391304348,,0.5565217391304348,0.6037735849056604,,0.5565217391304348,0.0,0.0,0.0,0.0,0.0,0.0,0.047251845775225565,0.0,0.0,0.6037735849056604,0.047251845775225565,1e-07,0.0
2026-08-31,RO,avg_balance_per_customer_eur,3016.7360539777924,2717.2922538223384,-299.443800155454,2516.750143101623,-200.5421107207153,2516.750143101623,0.0,2516.750143101623,,2516.750143101623,2608.7640047393365,2608.7640278189474,2516.750143101623,0.0,0.0,0.0,0.0,0.0,0.0,0.0,92.01388471732434,-2.307961085534771e-05,2608.7640047393365,-407.97204923845584,0.1,0.0
2026-08-31,RO,dpd30_rate,0.044230806684003636,0.044230806684003636,0.0,0.044230806684003636,0.0,0.03820650907922018,-0.006024297604783457,0.03820650907922018,,0.0382065090792201,0.0382065031517563,,0.0382065090792201,-7.632783294297951e-17,0.0,0.0,0.0,-5.927463804511479e-09,0.0,0.0,0.0,0.0,0.0382065031517563,-0.006024303532247338,1e-07,0.0
2026-08-31,RO,dpd90_rate,0.021968837343458794,0.021968837343458794,0.0,0.021968837343458794,0.0,0.021968837343458794,0.0,0.021968837343458794,,0.0219688373434587,0.0219688364731648,,0.0219688373434587,-9.367506770274758e-17,0.0,0.0,0.0,0.0,-8.702938994464837e-10,0.0,0.0,0.0,0.0219688364731648,-8.702939931215514e-10,1e-07,0.0
2026-08-31,RO,new_accounts,114.0,114.0,0.0,114.0,0.0,114.0,0.0,114.0,,114.0,,,114.0,0.0,0.0,0.0,0.0,0.0,0.0,0.0,0.0,0.0,114.0,0.0,0.5,0.0
2026-08-31,RO,new_originations_eur,619655.76,619655.76,0.0,573923.8097999999,-45731.95020000008,573923.8097999999,0.0,573923.8097999999,573775.9794,573923.8098,573775.94,,573923.8098,1.1641532182693481e-10,0.0,-147.8304000000935,-0.03940000000875443,0.0,0.0,0.0,0.0,0.0,573775.94,-45879.820000000065,0.1,0.0
2026-08-31,RO,portfolio_balance_eur,9237245.79728,8320348.881204,-916896.9160760008,7706288.93817717,-614059.9430268295,7706288.93817717,0.0,7706288.93817717,,7706288.93817717,7706288.87,,7706288.93817717,0.0,-0.06817717012017965,0.0,0.0,0.0,0.0,0.0,0.0,0.0,7706288.87,-1530956.9272800004,0.1,0.0
