month_end,scope,kpi,variant,value
2023-03-31,CZ,approval_rate,legacy_def,0.519650655021834
2023-03-31,CZ,approval_rate,new,0.5721153846153846
2023-03-31,CZ,new_accounts,legacy_def,99.0
2023-03-31,CZ,new_originations_eur,avg_rate,514169.088
2023-03-31,CZ,new_originations_eur,legacy_def,515798.784
2023-03-31,CZ,new_originations_eur,new,514169.11
2023-03-31,CZ,portfolio_balance_eur,legacy_def,0.0
2023-03-31,CZ,portfolio_balance_eur,new,0.0
2023-03-31,GROUP,approval_rate,legacy_def,0.5339105339105339
2023-03-31,GROUP,approval_rate,new,0.5910543130990416
2023-03-31,GROUP,new_accounts,legacy_def,313.0
2023-03-31,GROUP,new_originations_eur,avg_rate,1498542.7964
2023-03-31,GROUP,new_originations_eur,legacy_def,1498899.0741
2023-03-31,GROUP,new_originations_eur,new,1498542.85
2023-03-31,GROUP,portfolio_balance_eur,legacy_def,0.0
2023-03-31,GROUP,portfolio_balance_eur,new,0.0
2023-03-31,PL,approval_rate,legacy_def,0.5217391304347826
2023-03-31,PL,approval_rate,new,0.5806451612903226
2023-03-31,PL,new_accounts,legacy_def,128.0
2023-03-31,PL,new_originations_eur,avg_rate,520684.3824
2023-03-31,PL,new_originations_eur,legacy_def,521399.788
2023-03-31,PL,new_originations_eur,new,520684.39
2023-03-31,PL,portfolio_balance_eur,legacy_def,0.0
2023-03-31,PL,portfolio_balance_eur,new,0.0
2023-03-31,RO,approval_rate,legacy_def,0.5691489361702128
2023-03-31,RO,approval_rate,new,0.6294117647058823
2023-03-31,RO,new_accounts,legacy_def,86.0
2023-03-31,RO,new_originations_eur,avg_rate,463689.326
2023-03-31,RO,new_originations_eur,legacy_def,461700.5021
2023-03-31,RO,new_originations_eur,new,463689.35
2023-03-31,RO,portfolio_balance_eur,legacy_def,0.0
2023-03-31,RO,portfolio_balance_eur,new,0.0
2023-04-30,CZ,approval_rate,legacy_def,0.5045871559633027
2023-04-30,CZ,approval_rate,new,0.5641025641025641
2023-04-30,CZ,new_accounts,legacy_def,92.0
2023-04-30,CZ,new_originations_eur,avg_rate,499181.333
2023-04-30,CZ,new_originations_eur,legacy_def,497223.566
2023-04-30,CZ,new_originations_eur,new,499181.43
2023-04-30,CZ,portfolio_balance_eur,legacy_def,0.0
2023-04-30,CZ,portfolio_balance_eur,new,0.0
2023-04-30,GROUP,approval_rate,legacy_def,0.520891364902507
2023-04-30,GROUP,approval_rate,new,0.5771604938271605
2023-04-30,GROUP,new_accounts,legacy_def,322.0
2023-04-30,GROUP,new_originations_eur,avg_rate,1552496.8374
2023-04-30,GROUP,new_originations_eur,legacy_def,1552145.2856
2023-04-30,GROUP,new_originations_eur,new,1552496.98
2023-04-30,GROUP,portfolio_balance_eur,legacy_def,0.0
2023-04-30,GROUP,portfolio_balance_eur,new,0.0
2023-04-30,PL,approval_rate,legacy_def,0.555205047318612
2023-04-30,PL,approval_rate,new,0.6153846153846154
2023-04-30,PL,new_accounts,legacy_def,146.0
2023-04-30,PL,new_originations_eur,avg_rate,695182.9702
2023-04-30,PL,new_originations_eur,legacy_def,696269.9114
2023-04-30,PL,new_originations_eur,new,695183.03
2023-04-30,PL,portfolio_balance_eur,legacy_def,0.0
2023-04-30,PL,portfolio_balance_eur,new,0.0
2023-04-30,RO,approval_rate,legacy_def,0.4808743169398907
2023-04-30,RO,approval_rate,new,0.5269461077844312
2023-04-30,RO,new_accounts,legacy_def,84.0
2023-04-30,RO,new_originations_eur,avg_rate,358132.5342
2023-04-30,RO,new_originations_eur,legacy_def,358651.8082
2023-04-30,RO,new_originations_eur,new,358132.52
2023-04-30,RO,portfolio_balance_eur,legacy_def,0.0
2023-04-30,RO,portfolio_balance_eur,new,0.0
2023-05-31,CZ,approval_rate,legacy_def,0.5482625482625483
2023-05-31,CZ,approval_rate,new,0.6120689655172413
2023-05-31,CZ,new_accounts,legacy_def,127.0
2023-05-31,CZ,new_originations_eur,avg_rate,566622.0
2023-05-31,CZ,new_originations_eur,legacy_def,565516.0
2023-05-31,CZ,new_originations_eur,new,566622.04
2023-05-31,CZ,portfolio_balance_eur,legacy_def,0.0
2023-05-31,CZ,portfolio_balance_eur,new,0.0
2023-05-31,GROUP,approval_rate,legacy_def,0.5066489361702128
2023-05-31,GROUP,approval_rate,new,0.5636094674556213
2023-05-31,GROUP,new_accounts,legacy_def,355.0
2023-05-31,GROUP,new_originations_eur,avg_rate,1748761.2795
2023-05-31,GROUP,new_originations_eur,legacy_def,1746433.4081
2023-05-31,GROUP,new_originations_eur,new,1748761.32
2023-05-31,GROUP,portfolio_balance_eur,legacy_def,0.0
2023-05-31,GROUP,portfolio_balance_eur,new,0.0
2023-05-31,PL,approval_rate,legacy_def,0.47003154574132494
2023-05-31,PL,approval_rate,new,0.519163763066202
2023-05-31,PL,new_accounts,legacy_def,146.0
2023-05-31,PL,new_originations_eur,avg_rate,721618.4703
2023-05-31,PL,new_originations_eur,legacy_def,722556.5125
2023-05-31,PL,new_originations_eur,new,721618.45
2023-05-31,PL,portfolio_balance_eur,legacy_def,0.0
2023-05-31,PL,portfolio_balance_eur,new,0.0
2023-05-31,RO,approval_rate,legacy_def,0.5113636363636364
2023-05-31,RO,approval_rate,new,0.5732484076433121
2023-05-31,RO,new_accounts,legacy_def,82.0
2023-05-31,RO,new_originations_eur,avg_rate,460520.8092
2023-05-31,RO,new_originations_eur,legacy_def,458360.8956
2023-05-31,RO,new_originations_eur,new,460520.83
2023-05-31,RO,portfolio_balance_eur,legacy_def,0.0
2023-05-31,RO,portfolio_balance_eur,new,0.0
2023-06-30,CZ,approval_rate,legacy_def,0.5247524752475248
2023-06-30,CZ,approval_rate,new,0.5668449197860963
2023-06-30,CZ,new_accounts,legacy_def,115.0
2023-06-30,CZ,new_originations_eur,avg_rate,517519.608
2023-06-30,CZ,new_originations_eur,legacy_def,519551.151
2023-06-30,CZ,new_originations_eur,new,517519.6
2023-06-30,CZ,portfolio_balance_eur,legacy_def,0.0
2023-06-30,CZ,portfolio_balance_eur,new,0.0
2023-06-30,GROUP,approval_rate,legacy_def,0.5036390101892285
2023-06-30,GROUP,approval_rate,new,0.5598705501618123
2023-06-30,GROUP,new_accounts,legacy_def,346.0
2023-06-30,GROUP,new_originations_eur,avg_rate,1566183.426
2023-06-30,GROUP,new_originations_eur,legacy_def,1565060.6686
2023-06-30,GROUP,new_originations_eur,new,1566183.64
2023-06-30,GROUP,portfolio_balance_eur,legacy_def,0.0
2023-06-30,GROUP,portfolio_balance_eur,new,0.0
2023-06-30,PL,approval_rate,legacy_def,0.5016181229773463
2023-06-30,PL,approval_rate,new,0.5615942028985508
2023-06-30,PL,new_accounts,legacy_def,149.0
2023-06-30,PL,new_originations_eur,avg_rate,674212.14
2023-06-30,PL,new_originations_eur,legacy_def,672735.6888
2023-06-30,PL,new_originations_eur,new,674212.36
2023-06-30,PL,portfolio_balance_eur,legacy_def,0.0
2023-06-30,PL,portfolio_balance_eur,new,0.0
2023-06-30,RO,approval_rate,legacy_def,0.48295454545454547
2023-06-30,RO,approval_rate,new,0.5483870967741935
2023-06-30,RO,new_accounts,legacy_def,82.0
2023-06-30,RO,new_originations_eur,avg_rate,374451.678
2023-06-30,RO,new_originations_eur,legacy_def,372773.8288
2023-06-30,RO,new_originations_eur,new,374451.68
2023-06-30,RO,portfolio_balance_eur,legacy_def,0.0
2023-06-30,RO,portfolio_balance_eur,new,0.0
2023-07-31,CZ,approval_rate,legacy_def,0.5394736842105263
2023-07-31,CZ,approval_rate,new,0.6089108910891089
2023-07-31,CZ,new_accounts,legacy_def,113.0
2023-07-31,CZ,new_originations_eur,avg_rate,555659.56
2023-07-31,CZ,new_originations_eur,legacy_def,555331.576
2023-07-31,CZ,new_originations_eur,new,555659.56
2023-07-31,CZ,portfolio_balance_eur,legacy_def,0.0
2023-07-31,CZ,portfolio_balance_eur,new,0.0
2023-07-31,GROUP,approval_rate,legacy_def,0.5205673758865248
2023-07-31,GROUP,approval_rate,new,0.5779527559055118
2023-07-31,GROUP,new_accounts,legacy_def,352.0
2023-07-31,GROUP,new_originations_eur,avg_rate,1696045.4144
2023-07-31,GROUP,new_originations_eur,legacy_def,1692705.9262
2023-07-31,GROUP,new_originations_eur,new,1696045.44
2023-07-31,GROUP,portfolio_balance_eur,legacy_def,0.0
2023-07-31,GROUP,portfolio_balance_eur,new,0.0
2023-07-31,PL,approval_rate,legacy_def,0.5133333333333333
2023-07-31,PL,approval_rate,new,0.5746268656716418
2023-07-31,PL,new_accounts,legacy_def,150.0
2023-07-31,PL,new_originations_eur,avg_rate,688743.7216
2023-07-31,PL,new_originations_eur,legacy_def,686627.073
2023-07-31,PL,new_originations_eur,new,688743.74
2023-07-31,PL,portfolio_balance_eur,legacy_def,0.0
2023-07-31,PL,portfolio_balance_eur,new,0.0
2023-07-31,RO,approval_rate,legacy_def,0.5084745762711864
2023-07-31,RO,approval_rate,new,0.5454545454545454
2023-07-31,RO,new_accounts,legacy_def,89.0
2023-07-31,RO,new_originations_eur,avg_rate,451642.1328
2023-07-31,RO,new_originations_eur,legacy_def,450747.2772
2023-07-31,RO,new_originations_eur,new,451642.14
2023-07-31,RO,portfolio_balance_eur,legacy_def,0.0
2023-07-31,RO,portfolio_balance_eur,new,0.0
2023-08-31,CZ,approval_rate,legacy_def,0.5467980295566502
2023-08-31,CZ,approval_rate,new,0.6201117318435754
2023-08-31,CZ,new_accounts,legacy_def,109.0
2023-08-31,CZ,new_originations_eur,avg_rate,533546.973
2023-08-31,CZ,new_originations_eur,legacy_def,533915.145
2023-08-31,CZ,new_originations_eur,new,533547.02
2023-08-31,CZ,portfolio_balance_eur,legacy_def,0.0
2023-08-31,CZ,portfolio_balance_eur,new,0.0
2023-08-31,GROUP,approval_rate,legacy_def,0.47883211678832116
2023-08-31,GROUP,approval_rate,new,0.5333333333333333
2023-08-31,GROUP,new_accounts,legacy_def,310.0
2023-08-31,GROUP,new_originations_eur,avg_rate,1479229.4145
2023-08-31,GROUP,new_originations_eur,legacy_def,1476915.0574
2023-08-31,GROUP,new_originations_eur,new,1479229.54
2023-08-31,GROUP,portfolio_balance_eur,legacy_def,0.0
2023-08-31,GROUP,portfolio_balance_eur,new,0.0
2023-08-31,PL,approval_rate,legacy_def,0.4254658385093168
2023-08-31,PL,approval_rate,new,0.4724137931034483
2023-08-31,PL,new_accounts,legacy_def,128.0
2023-08-31,PL,new_originations_eur,avg_rate,594748.1385
2023-08-31,PL,new_originations_eur,legacy_def,593877.5289
2023-08-31,PL,new_originations_eur,new,594748.19
2023-08-31,PL,portfolio_balance_eur,legacy_def,0.0
2023-08-31,PL,portfolio_balance_eur,new,0.0
2023-08-31,RO,approval_rate,legacy_def,0.5
2023-08-31,RO,approval_rate,new,0.547945205479452
2023-08-31,RO,new_accounts,legacy_def,73.0
2023-08-31,RO,new_originations_eur,avg_rate,350934.303
2023-08-31,RO,new_originations_eur,legacy_def,349122.3835
2023-08-31,RO,new_originations_eur,new,350934.33
2023-08-31,RO,portfolio_balance_eur,legacy_def,0.0
2023-08-31,RO,portfolio_balance_eur,new,0.0
2023-09-30,CZ,approval_rate,legacy_def,0.5040650406504065
2023-09-30,CZ,approval_rate,new,0.5486725663716814
2023-09-30,CZ,new_accounts,legacy_def,104.0
2023-09-30,CZ,new_originations_eur,avg_rate,527611.04
2023-09-30,CZ,new_originations_eur,legacy_def,528363.88
2023-09-30,CZ,new_originations_eur,new,527611.05
2023-09-30,CZ,portfolio_balance_eur,legacy_def,0.0
2023-09-30,CZ,portfolio_balance_eur,new,0.0
2023-09-30,GROUP,approval_rate,legacy_def,0.4993581514762516
2023-09-30,GROUP,approval_rate,new,0.5502121640735502
2023-09-30,GROUP,new_accounts,legacy_def,352.0
2023-09-30,GROUP,new_originations_eur,avg_rate,1657298.714
2023-09-30,GROUP,new_originations_eur,legacy_def,1655777.6914
2023-09-30,GROUP,new_originations_eur,new,1657298.79
2023-09-30,GROUP,portfolio_balance_eur,legacy_def,0.0
2023-09-30,GROUP,portfolio_balance_eur,new,0.0
2023-09-30,PL,approval_rate,legacy_def,0.5147058823529411
2023-09-30,PL,approval_rate,new,0.5700325732899023
2023-09-30,PL,new_accounts,legacy_def,174.0
2023-09-30,PL,new_originations_eur,avg_rate,771247.347
2023-09-30,PL,new_originations_eur,legacy_def,768810.042
2023-09-30,PL,new_originations_eur,new,771247.37
2023-09-30,PL,portfolio_balance_eur,legacy_def,0.0
2023-09-30,PL,portfolio_balance_eur,new,0.0
2023-09-30,RO,approval_rate,legacy_def,0.46632124352331605
2023-09-30,RO,approval_rate,new,0.5172413793103449
2023-09-30,RO,new_accounts,legacy_def,74.0
2023-09-30,RO,new_originations_eur,avg_rate,358440.327
2023-09-30,RO,new_originations_eur,legacy_def,358603.7694
2023-09-30,RO,new_originations_eur,new,358440.37
2023-09-30,RO,portfolio_balance_eur,legacy_def,0.0
2023-09-30,RO,portfolio_balance_eur,new,0.0
2023-10-31,CZ,approval_rate,legacy_def,0.48598130841121495
2023-10-31,CZ,approval_rate,new,0.5416666666666666
2023-10-31,CZ,new_accounts,legacy_def,102.0
2023-10-31,CZ,new_originations_eur,avg_rate,441144.725
2023-10-31,CZ,new_originations_eur,legacy_def,441014.897
2023-10-31,CZ,new_originations_eur,new,441144.99
2023-10-31,CZ,portfolio_balance_eur,legacy_def,0.0
2023-10-31,CZ,portfolio_balance_eur,new,0.0
2023-10-31,GROUP,approval_rate,legacy_def,0.4765840220385675
2023-10-31,GROUP,approval_rate,new,0.5466034755134281
2023-10-31,GROUP,new_accounts,legacy_def,335.0
2023-10-31,GROUP,new_originations_eur,avg_rate,1664723.939
2023-10-31,GROUP,new_originations_eur,legacy_def,1662672.926
2023-10-31,GROUP,new_originations_eur,new,1664724.22
2023-10-31,GROUP,portfolio_balance_eur,legacy_def,0.0
2023-10-31,GROUP,portfolio_balance_eur,new,0.0
2023-10-31,PL,approval_rate,legacy_def,0.47249190938511326
2023-10-31,PL,approval_rate,new,0.5593869731800766
2023-10-31,PL,new_accounts,legacy_def,137.0
2023-10-31,PL,new_originations_eur,avg_rate,716396.9076
2023-10-31,PL,new_originations_eur,legacy_def,714294.018
2023-10-31,PL,new_originations_eur,new,716396.91
2023-10-31,PL,portfolio_balance_eur,legacy_def,0.0
2023-10-31,PL,portfolio_balance_eur,new,0.0
2023-10-31,RO,approval_rate,legacy_def,0.4729064039408867
2023-10-31,RO,approval_rate,new,0.5333333333333333
2023-10-31,RO,new_accounts,legacy_def,96.0
2023-10-31,RO,new_originations_eur,avg_rate,507182.3064
2023-10-31,RO,new_originations_eur,legacy_def,507364.011
2023-10-31,RO,new_originations_eur,new,507182.32
2023-10-31,RO,portfolio_balance_eur,legacy_def,0.0
2023-10-31,RO,portfolio_balance_eur,new,0.0
2023-11-30,CZ,approval_rate,legacy_def,0.5120967741935484
2023-11-30,CZ,approval_rate,new,0.5644444444444444
2023-11-30,CZ,new_accounts,legacy_def,118.0
2023-11-30,CZ,new_originations_eur,avg_rate,570978.912
2023-11-30,CZ,new_originations_eur,legacy_def,574130.256
2023-11-30,CZ,new_originations_eur,new,570978.9
2023-11-30,CZ,portfolio_balance_eur,legacy_def,0.0
2023-11-30,CZ,portfolio_balance_eur,new,0.0
2023-11-30,GROUP,approval_rate,legacy_def,0.5147783251231527
2023-11-30,GROUP,approval_rate,new,0.5679347826086957
2023-11-30,GROUP,new_accounts,legacy_def,372.0
2023-11-30,GROUP,new_originations_eur,avg_rate,1701094.6435
2023-11-30,GROUP,new_originations_eur,legacy_def,1706021.2624
2023-11-30,GROUP,new_originations_eur,new,1701094.75
2023-11-30,GROUP,portfolio_balance_eur,legacy_def,0.0
2023-11-30,GROUP,portfolio_balance_eur,new,0.0
2023-11-30,PL,approval_rate,legacy_def,0.5184135977337111
2023-11-30,PL,approval_rate,new,0.56656346749226
2023-11-30,PL,new_accounts,legacy_def,159.0
2023-11-30,PL,new_originations_eur,avg_rate,688110.269
2023-11-30,PL,new_originations_eur,legacy_def,690156.0589
2023-11-30,PL,new_originations_eur,new,688110.39
2023-11-30,PL,portfolio_balance_eur,legacy_def,0.0
2023-11-30,PL,portfolio_balance_eur,new,0.0
2023-11-30,RO,approval_rate,legacy_def,0.5118483412322274
2023-11-30,RO,approval_rate,new,0.574468085106383
2023-11-30,RO,new_accounts,legacy_def,95.0
2023-11-30,RO,new_originations_eur,avg_rate,442005.4625
2023-11-30,RO,new_originations_eur,legacy_def,441734.9475
2023-11-30,RO,new_originations_eur,new,442005.46
2023-11-30,RO,portfolio_balance_eur,legacy_def,0.0
2023-11-30,RO,portfolio_balance_eur,new,0.0
2023-12-31,CZ,approval_rate,legacy_def,0.5427509293680297
2023-12-31,CZ,approval_rate,new,0.5863453815261044
2023-12-31,CZ,new_accounts,legacy_def,134.0
2023-12-31,CZ,new_originations_eur,avg_rate,757447.488
2023-12-31,CZ,new_originations_eur,legacy_def,755384.0
2023-12-31,CZ,new_originations_eur,new,757447.5
2023-12-31,CZ,portfolio_balance_eur,legacy_def,0.0
2023-12-31,CZ,portfolio_balance_eur,new,0.0
2023-12-31,GROUP,approval_rate,legacy_def,0.5291479820627802
2023-12-31,GROUP,approval_rate,new,0.5870646766169154
2023-12-31,GROUP,new_accounts,legacy_def,427.0
2023-12-31,GROUP,new_originations_eur,avg_rate,2164021.258
2023-12-31,GROUP,new_originations_eur,legacy_def,2161714.2708
2023-12-31,GROUP,new_originations_eur,new,2164021.37
2023-12-31,GROUP,portfolio_balance_eur,legacy_def,0.0
2023-12-31,GROUP,portfolio_balance_eur,new,0.0
2023-12-31,PL,approval_rate,legacy_def,0.5176767676767676
2023-12-31,PL,approval_rate,new,0.5942028985507246
2023-12-31,PL,new_accounts,legacy_def,180.0
2023-12-31,PL,new_originations_eur,avg_rate,811380.154
2023-12-31,PL,new_originations_eur,legacy_def,811464.8308
2023-12-31,PL,new_originations_eur,new,811380.24
2023-12-31,PL,portfolio_balance_eur,legacy_def,0.0
2023-12-31,PL,portfolio_balance_eur,new,0.0
2023-12-31,RO,approval_rate,legacy_def,0.5330396475770925
2023-12-31,RO,approval_rate,new,0.5761904761904761
2023-12-31,RO,new_accounts,legacy_def,113.0
2023-12-31,RO,new_originations_eur,avg_rate,595193.616
2023-12-31,RO,new_originations_eur,legacy_def,594865.44
2023-12-31,RO,new_originations_eur,new,595193.63
2023-12-31,RO,portfolio_balance_eur,legacy_def,0.0
2023-12-31,RO,portfolio_balance_eur,new,0.0
2024-01-31,CZ,approval_rate,legacy_def,0.4778761061946903
2024-01-31,CZ,approval_rate,new,0.5217391304347826
2024-01-31,CZ,new_accounts,legacy_def,102.0
2024-01-31,CZ,new_originations_eur,avg_rate,533756.055
2024-01-31,CZ,new_originations_eur,legacy_def,535017.152
2024-01-31,CZ,new_originations_eur,new,533756.32
2024-01-31,CZ,portfolio_balance_eur,legacy_def,0.0
2024-01-31,CZ,portfolio_balance_eur,new,0.0
2024-01-31,GROUP,approval_rate,legacy_def,0.49327354260089684
2024-01-31,GROUP,approval_rate,new,0.55
2024-01-31,GROUP,new_accounts,legacy_def,323.0
2024-01-31,GROUP,new_originations_eur,avg_rate,1569267.1792
2024-01-31,GROUP,new_originations_eur,legacy_def,1567142.295
2024-01-31,GROUP,new_originations_eur,new,1569267.41
2024-01-31,GROUP,portfolio_balance_eur,legacy_def,0.0
2024-01-31,GROUP,portfolio_balance_eur,new,0.0
2024-01-31,PL,approval_rate,legacy_def,0.4965986394557823
2024-01-31,PL,approval_rate,new,0.5703125
2024-01-31,PL,new_accounts,legacy_def,147.0
2024-01-31,PL,new_originations_eur,avg_rate,652621.3512
2024-01-31,PL,new_originations_eur,legacy_def,649211.472
2024-01-31,PL,new_originations_eur,new,652621.33
2024-01-31,PL,portfolio_balance_eur,legacy_def,0.0
2024-01-31,PL,portfolio_balance_eur,new,0.0
2024-01-31,RO,approval_rate,legacy_def,0.5100671140939598
2024-01-31,RO,approval_rate,new,0.5547445255474452
2024-01-31,RO,new_accounts,legacy_def,74.0
2024-01-31,RO,new_originations_eur,avg_rate,382889.773
2024-01-31,RO,new_originations_eur,legacy_def,382913.671
2024-01-31,RO,new_originations_eur,new,382889.76
2024-01-31,RO,portfolio_balance_eur,legacy_def,0.0
2024-01-31,RO,portfolio_balance_eur,new,0.0
2024-02-29,CZ,approval_rate,legacy_def,0.5610859728506787
2024-02-29,CZ,approval_rate,new,0.6262626262626263
2024-02-29,CZ,new_accounts,legacy_def,114.0
2024-02-29,CZ,new_originations_eur,avg_rate,488231.28
2024-02-29,CZ,new_originations_eur,legacy_def,485453.92
2024-02-29,CZ,new_originations_eur,new,488231.37
2024-02-29,CZ,portfolio_balance_eur,legacy_def,0.0
2024-02-29,CZ,portfolio_balance_eur,new,0.0
2024-02-29,GROUP,approval_rate,legacy_def,0.5227272727272727
2024-02-29,GROUP,approval_rate,new,0.5786163522012578
2024-02-29,GROUP,new_accounts,legacy_def,339.0
2024-02-29,GROUP,new_originations_eur,avg_rate,1600746.4513
2024-02-29,GROUP,new_originations_eur,legacy_def,1596915.2023
2024-02-29,GROUP,new_originations_eur,new,1600746.58
2024-02-29,GROUP,portfolio_balance_eur,legacy_def,0.0
2024-02-29,GROUP,portfolio_balance_eur,new,0.0
2024-02-29,PL,approval_rate,legacy_def,0.5033333333333333
2024-02-29,PL,approval_rate,new,0.5490909090909091
2024-02-29,PL,new_accounts,legacy_def,141.0
2024-02-29,PL,new_originations_eur,avg_rate,707531.9769
2024-02-29,PL,new_originations_eur,legacy_def,707327.7267
2024-02-29,PL,new_originations_eur,new,707532.0
2024-02-29,PL,portfolio_balance_eur,legacy_def,0.0
2024-02-29,PL,portfolio_balance_eur,new,0.0
2024-02-29,RO,approval_rate,legacy_def,0.5081967213114754
2024-02-29,RO,approval_rate,new,0.5705521472392638
2024-02-29,RO,new_accounts,legacy_def,84.0
2024-02-29,RO,new_originations_eur,avg_rate,404983.1944
2024-02-29,RO,new_originations_eur,legacy_def,404133.5556
2024-02-29,RO,new_originations_eur,new,404983.21
2024-02-29,RO,portfolio_balance_eur,legacy_def,0.0
2024-02-29,RO,portfolio_balance_eur,new,0.0
2024-03-31,CZ,approval_rate,legacy_def,0.4979253112033195
2024-03-31,CZ,approval_rate,new,0.5405405405405406
2024-03-31,CZ,new_accounts,legacy_def,119.0
2024-03-31,CZ,new_originations_eur,avg_rate,605289.037
2024-03-31,CZ,new_originations_eur,legacy_def,608126.724
2024-03-31,CZ,new_originations_eur,new,605289.07
2024-03-31,CZ,portfolio_balance_eur,legacy_def,0.0
2024-03-31,CZ,portfolio_balance_eur,new,0.0
2024-03-31,GROUP,approval_rate,legacy_def,0.5079365079365079
2024-03-31,GROUP,approval_rate,new,0.5549132947976878
2024-03-31,GROUP,new_accounts,legacy_def,365.0
2024-03-31,GROUP,new_originations_eur,avg_rate,1705292.418
2024-03-31,GROUP,new_originations_eur,legacy_def,1709349.5078
2024-03-31,GROUP,new_originations_eur,new,1705292.47
2024-03-31,GROUP,portfolio_balance_eur,legacy_def,0.0
2024-03-31,GROUP,portfolio_balance_eur,new,0.0
2024-03-31,PL,approval_rate,legacy_def,0.49514563106796117
2024-03-31,PL,approval_rate,new,0.5368421052631579
2024-03-31,PL,new_accounts,legacy_def,149.0
2024-03-31,PL,new_originations_eur,avg_rate,673969.5114
2024-03-31,PL,new_originations_eur,legacy_def,675785.0718
2024-03-31,PL,new_originations_eur,new,673969.53
2024-03-31,PL,portfolio_balance_eur,legacy_def,0.0
2024-03-31,PL,portfolio_balance_eur,new,0.0
2024-03-31,RO,approval_rate,legacy_def,0.5388349514563107
2024-03-31,RO,approval_rate,new,0.6
2024-03-31,RO,new_accounts,legacy_def,97.0
2024-03-31,RO,new_originations_eur,avg_rate,426033.8696
2024-03-31,RO,new_originations_eur,legacy_def,425437.712
2024-03-31,RO,new_originations_eur,new,426033.87
2024-03-31,RO,portfolio_balance_eur,legacy_def,0.0
2024-03-31,RO,portfolio_balance_eur,new,0.0
2024-04-30,CZ,approval_rate,legacy_def,0.5211864406779662
2024-04-30,CZ,approval_rate,new,0.5801886792452831
2024-04-30,CZ,new_accounts,legacy_def,116.0
2024-04-30,CZ,new_originations_eur,avg_rate,565630.8
2024-04-30,CZ,new_originations_eur,legacy_def,560539.776
2024-04-30,CZ,new_originations_eur,new,565631.08
2024-04-30,CZ,portfolio_balance_eur,legacy_def,0.0
2024-04-30,CZ,portfolio_balance_eur,new,0.0
2024-04-30,GROUP,approval_rate,legacy_def,0.5213333333333333
2024-04-30,GROUP,approval_rate,new,0.5758468335787923
2024-04-30,GROUP,new_accounts,legacy_def,364.0
2024-04-30,GROUP,new_originations_eur,avg_rate,1732059.3893
2024-04-30,GROUP,new_originations_eur,legacy_def,1727269.8325
2024-04-30,GROUP,new_originations_eur,new,1732059.74
2024-04-30,GROUP,portfolio_balance_eur,legacy_def,0.0
2024-04-30,GROUP,portfolio_balance_eur,new,0.0
2024-04-30,PL,approval_rate,legacy_def,0.5304878048780488
2024-04-30,PL,approval_rate,new,0.58
2024-04-30,PL,new_accounts,legacy_def,161.0
2024-04-30,PL,new_originations_eur,avg_rate,749140.5285
2024-04-30,PL,new_originations_eur,legacy_def,748043.7237
2024-04-30,PL,new_originations_eur,new,749140.59
2024-04-30,PL,portfolio_balance_eur,legacy_def,0.0
2024-04-30,PL,portfolio_balance_eur,new,0.0
2024-04-30,RO,approval_rate,legacy_def,0.5053763440860215
2024-04-30,RO,approval_rate,new,0.562874251497006
2024-04-30,RO,new_accounts,legacy_def,87.0
2024-04-30,RO,new_originations_eur,avg_rate,417288.0608
2024-04-30,RO,new_originations_eur,legacy_def,418686.3328
2024-04-30,RO,new_originations_eur,new,417288.07
2024-04-30,RO,portfolio_balance_eur,legacy_def,0.0
2024-04-30,RO,portfolio_balance_eur,new,0.0
2024-05-31,CZ,approval_rate,legacy_def,0.4901185770750988
2024-05-31,CZ,approval_rate,new,0.5511111111111111
2024-05-31,CZ,new_accounts,legacy_def,112.0
2024-05-31,CZ,new_originations_eur,avg_rate,486657.096
2024-05-31,CZ,new_originations_eur,legacy_def,487509.238
2024-05-31,CZ,new_originations_eur,new,486657.15
2024-05-31,CZ,portfolio_balance_eur,legacy_def,0.0
2024-05-31,CZ,portfolio_balance_eur,new,0.0
2024-05-31,GROUP,approval_rate,legacy_def,0.5082174462705437
2024-05-31,GROUP,approval_rate,new,0.5702127659574469
2024-05-31,GROUP,new_accounts,legacy_def,379.0
2024-05-31,GROUP,new_originations_eur,avg_rate,1828429.294
2024-05-31,GROUP,new_originations_eur,legacy_def,1833362.0126
2024-05-31,GROUP,new_originations_eur,new,1828429.41
2024-05-31,GROUP,portfolio_balance_eur,legacy_def,0.0
2024-05-31,GROUP,portfolio_balance_eur,new,0.0
2024-05-31,PL,approval_rate,legacy_def,0.5160349854227405
2024-05-31,PL,approval_rate,new,0.5822368421052632
2024-05-31,PL,new_accounts,legacy_def,167.0
2024-05-31,PL,new_originations_eur,avg_rate,831508.5952
2024-05-31,PL,new_originations_eur,legacy_def,835762.0848
2024-05-31,PL,new_originations_eur,new,831508.65
2024-05-31,PL,portfolio_balance_eur,legacy_def,0.0
2024-05-31,PL,portfolio_balance_eur,new,0.0
2024-05-31,RO,approval_rate,legacy_def,0.517948717948718
2024-05-31,RO,approval_rate,new,0.5738636363636364
2024-05-31,RO,new_accounts,legacy_def,100.0
2024-05-31,RO,new_originations_eur,avg_rate,510263.6028
2024-05-31,RO,new_originations_eur,legacy_def,510090.6898
2024-05-31,RO,new_originations_eur,new,510263.61
2024-05-31,RO,portfolio_balance_eur,legacy_def,0.0
2024-05-31,RO,portfolio_balance_eur,new,0.0
2024-06-30,CZ,approval_rate,legacy_def,0.5288461538461539
2024-06-30,CZ,approval_rate,new,0.5759162303664922
2024-06-30,CZ,new_accounts,legacy_def,111.0
2024-06-30,CZ,new_originations_eur,avg_rate,507011.744
2024-06-30,CZ,new_originations_eur,legacy_def,507872.312
2024-06-30,CZ,new_originations_eur,new,507011.75
2024-06-30,CZ,portfolio_balance_eur,legacy_def,0.0
2024-06-30,CZ,portfolio_balance_eur,new,0.0
2024-06-30,GROUP,approval_rate,legacy_def,0.49403973509933774
2024-06-30,GROUP,approval_rate,new,0.5517751479289941
2024-06-30,GROUP,new_accounts,legacy_def,363.0
2024-06-30,GROUP,new_originations_eur,avg_rate,1628213.274
2024-06-30,GROUP,new_originations_eur,legacy_def,1627261.3004
2024-06-30,GROUP,new_originations_eur,new,1628213.42
2024-06-30,GROUP,portfolio_balance_eur,legacy_def,0.0
2024-06-30,GROUP,portfolio_balance_eur,new,0.0
2024-06-30,PL,approval_rate,legacy_def,0.4870967741935484
2024-06-30,PL,approval_rate,new,0.5412186379928315
2024-06-30,PL,new_accounts,legacy_def,145.0
2024-06-30,PL,new_originations_eur,avg_rate,586128.69
2024-06-30,PL,new_originations_eur,legacy_def,585455.2844
2024-06-30,PL,new_originations_eur,new,586128.83
2024-06-30,PL,portfolio_balance_eur,legacy_def,0.0
2024-06-30,PL,portfolio_balance_eur,new,0.0
2024-06-30,RO,approval_rate,legacy_def,0.47257383966244726
2024-06-30,RO,approval_rate,new,0.5436893203883495
2024-06-30,RO,new_accounts,legacy_def,107.0
2024-06-30,RO,new_originations_eur,avg_rate,535072.84
2024-06-30,RO,new_originations_eur,legacy_def,533933.704
2024-06-30,RO,new_originations_eur,new,535072.84
2024-06-30,RO,portfolio_balance_eur,legacy_def,0.0
2024-06-30,RO,portfolio_balance_eur,new,0.0
2024-07-31,CZ,approval_rate,legacy_def,0.5
2024-07-31,CZ,approval_rate,new,0.5720720720720721
2024-07-31,CZ,new_accounts,legacy_def,110.0
2024-07-31,CZ,new_originations_eur,avg_rate,447761.809
2024-07-31,CZ,new_originations_eur,legacy_def,447871.439
2024-07-31,CZ,new_originations_eur,new,447761.83
2024-07-31,CZ,portfolio_balance_eur,legacy_def,0.0
2024-07-31,CZ,portfolio_balance_eur,new,0.0
2024-07-31,GROUP,approval_rate,legacy_def,0.5153129161118508
2024-07-31,GROUP,approval_rate,new,0.5767511177347243
2024-07-31,GROUP,new_accounts,legacy_def,363.0
2024-07-31,GROUP,new_originations_eur,avg_rate,1635012.5048
2024-07-31,GROUP,new_originations_eur,legacy_def,1635325.4934
2024-07-31,GROUP,new_originations_eur,new,1635012.64
2024-07-31,GROUP,portfolio_balance_eur,legacy_def,0.0
2024-07-31,GROUP,portfolio_balance_eur,new,0.0
2024-07-31,PL,approval_rate,legacy_def,0.5196374622356495
2024-07-31,PL,approval_rate,new,0.5830508474576271
2024-07-31,PL,new_accounts,legacy_def,162.0
2024-07-31,PL,new_originations_eur,avg_rate,781250.2386
2024-07-31,PL,new_originations_eur,legacy_def,782617.7684
2024-07-31,PL,new_originations_eur,new,781250.31
2024-07-31,PL,portfolio_balance_eur,legacy_def,0.0
2024-07-31,PL,portfolio_balance_eur,new,0.0
2024-07-31,RO,approval_rate,legacy_def,0.5301204819277109
2024-07-31,RO,approval_rate,new,0.5714285714285714
2024-07-31,RO,new_accounts,legacy_def,91.0
2024-07-31,RO,new_originations_eur,avg_rate,406000.4572
2024-07-31,RO,new_originations_eur,legacy_def,404836.286
2024-07-31,RO,new_originations_eur,new,406000.5
2024-07-31,RO,portfolio_balance_eur,legacy_def,0.0
2024-07-31,RO,portfolio_balance_eur,new,0.0
2024-08-31,CZ,approval_rate,legacy_def,0.5146443514644351
2024-08-31,CZ,approval_rate,new,0.5829383886255924
2024-08-31,CZ,new_accounts,legacy_def,117.0
2024-08-31,CZ,new_originations_eur,avg_rate,536145.18
2024-08-31,CZ,new_originations_eur,legacy_def,532501.245
2024-08-31,CZ,new_originations_eur,new,536145.2
2024-08-31,CZ,portfolio_balance_eur,legacy_def,0.0
2024-08-31,CZ,portfolio_balance_eur,new,0.0
2024-08-31,GROUP,approval_rate,legacy_def,0.5251612903225806
2024-08-31,GROUP,approval_rate,new,0.5805991440798859
2024-08-31,GROUP,new_accounts,legacy_def,377.0
2024-08-31,GROUP,new_originations_eur,avg_rate,1893274.7934
2024-08-31,GROUP,new_originations_eur,legacy_def,1883997.5312
2024-08-31,GROUP,new_originations_eur,new,1893274.84
2024-08-31,GROUP,portfolio_balance_eur,legacy_def,0.0
2024-08-31,GROUP,portfolio_balance_eur,new,0.0
2024-08-31,PL,approval_rate,legacy_def,0.547486033519553
2024-08-31,PL,approval_rate,new,0.5921450151057401
2024-08-31,PL,new_accounts,legacy_def,185.0
2024-08-31,PL,new_originations_eur,avg_rate,972081.0008
2024-08-31,PL,new_originations_eur,legacy_def,966496.1488
2024-08-31,PL,new_originations_eur,new,972080.99
2024-08-31,PL,portfolio_balance_eur,legacy_def,0.0
2024-08-31,PL,portfolio_balance_eur,new,0.0
2024-08-31,RO,approval_rate,legacy_def,0.4943820224719101
2024-08-31,RO,approval_rate,new,0.5534591194968553
2024-08-31,RO,new_accounts,legacy_def,75.0
2024-08-31,RO,new_originations_eur,avg_rate,385048.6126
2024-08-31,RO,new_originations_eur,legacy_def,385000.1374
2024-08-31,RO,new_originations_eur,new,385048.65
2024-08-31,RO,portfolio_balance_eur,legacy_def,0.0
2024-08-31,RO,portfolio_balance_eur,new,0.0
2024-09-30,CZ,approval_rate,legacy_def,0.5432098765432098
2024-09-30,CZ,approval_rate,new,0.6055045871559633
2024-09-30,CZ,avg_balance_per_customer_eur,legacy_def,2915.2555555596796
2024-09-30,CZ,avg_balance_per_customer_eur,new,3073.272771017699
2024-09-30,CZ,avg_balance_per_customer_eur,per_customer,3073.2727261597065
2024-09-30,CZ,dpd30_rate,legacy_def,0.03529030623965806
2024-09-30,CZ,dpd30_rate,new,0.03529030786965332
2024-09-30,CZ,dpd90_rate,legacy_def,0.019185201482804292
2024-09-30,CZ,dpd90_rate,new,0.019185204354938437
2024-09-30,CZ,new_accounts,legacy_def,124.0
2024-09-30,CZ,new_originations_eur,avg_rate,588938.649
2024-09-30,CZ,new_originations_eur,legacy_def,587976.831
2024-09-30,CZ,new_originations_eur,new,588938.71
2024-09-30,CZ,portfolio_balance_eur,legacy_def,5556477.08889675
2024-09-30,CZ,portfolio_balance_eur,new,5556477.17
2024-09-30,GROUP,approval_rate,legacy_def,0.5097087378640777
2024-09-30,GROUP,approval_rate,new,0.5660377358490566
2024-09-30,GROUP,avg_balance_per_customer_eur,legacy_def,2981.8961512656124
2024-09-30,GROUP,avg_balance_per_customer_eur,new,3143.1641189811585
2024-09-30,GROUP,avg_balance_per_customer_eur,per_customer,3143.164086871394
2024-09-30,GROUP,dpd30_rate,legacy_def,0.030425054091168854
2024-09-30,GROUP,dpd30_rate,new,0.03042505361660097
2024-09-30,GROUP,dpd90_rate,legacy_def,0.013669883161251848
2024-09-30,GROUP,dpd90_rate,new,0.013669882847088794
2024-09-30,GROUP,new_accounts,legacy_def,401.0
2024-09-30,GROUP,new_originations_eur,avg_rate,1915807.7431
2024-09-30,GROUP,new_originations_eur,legacy_def,1909410.4037
2024-09-30,GROUP,new_originations_eur,new,1915807.76
2024-09-30,GROUP,portfolio_balance_eur,legacy_def,18016616.54594683
2024-09-30,GROUP,portfolio_balance_eur,new,18016616.73
2024-09-30,PL,approval_rate,legacy_def,0.48732394366197185
2024-09-30,PL,approval_rate,new,0.542319749216301
2024-09-30,PL,avg_balance_per_customer_eur,legacy_def,2931.2470119354825
2024-09-30,PL,avg_balance_per_customer_eur,new,3092.914041867955
2024-09-30,PL,avg_balance_per_customer_eur,per_customer,3092.9140170221012
2024-09-30,PL,dpd30_rate,legacy_def,0.02676534098091679
2024-09-30,PL,dpd30_rate,new,0.0267653408501221
2024-09-30,PL,dpd90_rate,legacy_def,0.012515590255615546
2024-09-30,PL,dpd90_rate,new,0.012515589241382782
2024-09-30,PL,new_accounts,legacy_def,166.0
2024-09-30,PL,new_originations_eur,avg_rate,773021.3176
2024-09-30,PL,new_originations_eur,legacy_def,768552.0822
2024-09-30,PL,new_originations_eur,new,773021.3
2024-09-30,PL,portfolio_balance_eur,legacy_def,7682798.4182829
2024-09-30,PL,portfolio_balance_eur,new,7682798.48
2024-09-30,RO,approval_rate,legacy_def,0.5088495575221239
2024-09-30,RO,approval_rate,new,0.5609756097560976
2024-09-30,RO,avg_balance_per_customer_eur,legacy_def,3153.360421628502
2024-09-30,RO,avg_balance_per_customer_eur,new,3317.5979722222223
2024-09-30,RO,avg_balance_per_customer_eur,per_customer,3317.5979435883196
2024-09-30,RO,dpd30_rate,legacy_def,0.030651786072670276
2024-09-30,RO,dpd30_rate,new,0.03065178256018513
2024-09-30,RO,dpd90_rate,legacy_def,0.00911137666039699
2024-09-30,RO,dpd90_rate,new,0.009111373726742575
2024-09-30,RO,new_accounts,legacy_def,111.0
2024-09-30,RO,new_originations_eur,avg_rate,553847.7765
2024-09-30,RO,new_originations_eur,legacy_def,552881.4905
2024-09-30,RO,new_originations_eur,new,553847.75
2024-09-30,RO,portfolio_balance_eur,legacy_def,4777341.03876718
2024-09-30,RO,portfolio_balance_eur,new,4777341.08
2024-10-31,CZ,approval_rate,legacy_def,0.528
2024-10-31,CZ,approval_rate,new,0.6027397260273972
2024-10-31,CZ,avg_balance_per_customer_eur,legacy_def,2888.00546479434
2024-10-31,CZ,avg_balance_per_customer_eur,new,3038.3442477876106
2024-10-31,CZ,avg_balance_per_customer_eur,per_customer,3038.344114705549
2024-10-31,CZ,dpd30_rate,legacy_def,0.03562305239884502
2024-10-31,CZ,dpd30_rate,new,0.03562305581208072
2024-10-31,CZ,dpd90_rate,legacy_def,0.02181209606661405
2024-10-31,CZ,dpd90_rate,new,0.02181209549099431
2024-10-31,CZ,new_accounts,legacy_def,137.0
2024-10-31,CZ,new_originations_eur,avg_rate,658754.824
2024-10-31,CZ,new_originations_eur,legacy_def,660984.636
2024-10-31,CZ,new_originations_eur,new,658754.77
2024-10-31,CZ,portfolio_balance_eur,legacy_def,5836659.04434936
2024-10-31,CZ,portfolio_balance_eur,new,5836659.3
2024-10-31,GROUP,approval_rate,legacy_def,0.5108433734939759
2024-10-31,GROUP,approval_rate,new,0.5683646112600537
2024-10-31,GROUP,avg_balance_per_customer_eur,legacy_def,2961.154823983327
2024-10-31,GROUP,avg_balance_per_customer_eur,new,3118.397320099256
2024-10-31,GROUP,avg_balance_per_customer_eur,per_customer,3118.3972885819453
2024-10-31,GROUP,dpd30_rate,legacy_def,0.03002003724119223
2024-10-31,GROUP,dpd30_rate,new,0.030020038288421553
2024-10-31,GROUP,dpd90_rate,legacy_def,0.013758262749530428
2024-10-31,GROUP,dpd90_rate,new,0.013758262433358086
2024-10-31,GROUP,new_accounts,legacy_def,411.0
2024-10-31,GROUP,new_originations_eur,avg_rate,2073577.2361
2024-10-31,GROUP,new_originations_eur,legacy_def,2071877.0895
2024-10-31,GROUP,new_originations_eur,new,2073577.3
2024-10-31,GROUP,portfolio_balance_eur,legacy_def,18850711.60947786
2024-10-31,GROUP,portfolio_balance_eur,new,18850711.8
2024-10-31,PL,approval_rate,legacy_def,0.5041551246537396
2024-10-31,PL,approval_rate,new,0.5384615384615384
2024-10-31,PL,avg_balance_per_customer_eur,legacy_def,2917.285983102529
2024-10-31,PL,avg_balance_per_customer_eur,new,3078.6105760368664
2024-10-31,PL,avg_balance_per_customer_eur,per_customer,3078.610553596678
2024-10-31,PL,dpd30_rate,legacy_def,0.030804670398884484
2024-10-31,PL,dpd30_rate,new,0.030804670280656584
2024-10-31,PL,dpd90_rate,legacy_def,0.013279835543411413
2024-10-31,PL,dpd90_rate,new,0.013279835123819009
2024-10-31,PL,new_accounts,legacy_def,173.0
2024-10-31,PL,new_originations_eur,avg_rate,856321.5453
2024-10-31,PL,new_originations_eur,legacy_def,853796.1675
2024-10-31,PL,new_originations_eur,new,856321.63
2024-10-31,PL,portfolio_balance_eur,legacy_def,8016701.88156575
2024-10-31,PL,portfolio_balance_eur,new,8016701.94
2024-10-31,RO,approval_rate,legacy_def,0.502283105022831
2024-10-31,RO,approval_rate,new,0.582010582010582
2024-10-31,RO,avg_balance_per_customer_eur,legacy_def,3129.211448693018
2024-10-31,RO,avg_balance_per_customer_eur,new,3287.730631578947
2024-10-31,RO,avg_balance_per_customer_eur,per_customer,3287.73071287023
2024-10-31,RO,dpd30_rate,legacy_def,0.022217291010993317
2024-10-31,RO,dpd30_rate,new,0.022217290675721577
2024-10-31,RO,dpd90_rate,legacy_def,0.005119271107348287
2024-10-31,RO,dpd90_rate,new,0.005119270640080931
2024-10-31,RO,new_accounts,legacy_def,101.0
2024-10-31,RO,new_originations_eur,avg_rate,558500.8668
2024-10-31,RO,new_originations_eur,legacy_def,557096.286
2024-10-31,RO,new_originations_eur,new,558500.9
2024-10-31,RO,portfolio_balance_eur,legacy_def,4997350.68356275
2024-10-31,RO,portfolio_balance_eur,new,4997350.56
2024-11-30,CZ,approval_rate,legacy_def,0.47003154574132494
2024-11-30,CZ,approval_rate,new,0.5265017667844523
2024-11-30,CZ,avg_balance_per_customer_eur,legacy_def,2925.592757213457
2024-11-30,CZ,avg_balance_per_customer_eur,new,3075.845550617284
2024-11-30,CZ,avg_balance_per_customer_eur,per_customer,3075.845422275284
2024-11-30,CZ,dpd30_rate,legacy_def,0.03274528601610401
2024-11-30,CZ,dpd30_rate,new,0.03274528751723802
2024-11-30,CZ,dpd90_rate,legacy_def,0.023981360426457946
2024-11-30,CZ,dpd90_rate,new,0.023981361140893324
2024-11-30,CZ,new_accounts,legacy_def,129.0
2024-11-30,CZ,new_originations_eur,avg_rate,687486.444
2024-11-30,CZ,new_originations_eur,legacy_def,688484.37
2024-11-30,CZ,new_originations_eur,new,687486.39
2024-11-30,CZ,portfolio_balance_eur,legacy_def,6228586.98010745
2024-11-30,CZ,portfolio_balance_eur,new,6228587.24
2024-11-30,GROUP,approval_rate,legacy_def,0.49141630901287553
2024-11-30,GROUP,approval_rate,new,0.5491606714628298
2024-11-30,GROUP,avg_balance_per_customer_eur,legacy_def,2958.6642910542964
2024-11-30,GROUP,avg_balance_per_customer_eur,new,3116.3667201257863
2024-11-30,GROUP,avg_balance_per_customer_eur,per_customer,3116.366680152945
2024-11-30,GROUP,dpd30_rate,legacy_def,0.02873855640935196
2024-11-30,GROUP,dpd30_rate,new,0.02873855682551275
2024-11-30,GROUP,dpd90_rate,legacy_def,0.01599035593942266
2024-11-30,GROUP,dpd90_rate,new,0.01599035637994409
2024-11-30,GROUP,new_accounts,legacy_def,409.0
2024-11-30,GROUP,new_originations_eur,avg_rate,2010986.6102
2024-11-30,GROUP,new_originations_eur,legacy_def,2016875.0039
2024-11-30,GROUP,new_originations_eur,new,2010986.55
2024-11-30,GROUP,portfolio_balance_eur,legacy_def,19820092.08577273
2024-11-30,GROUP,portfolio_balance_eur,new,19820092.34
2024-11-30,PL,approval_rate,legacy_def,0.5038363171355499
2024-11-30,PL,approval_rate,new,0.5726744186046512
2024-11-30,PL,avg_balance_per_customer_eur,legacy_def,2915.2694383603944
2024-11-30,PL,avg_balance_per_customer_eur,new,3075.7527451695223
2024-11-30,PL,avg_balance_per_customer_eur,per_customer,3075.7527359150495
2024-11-30,PL,dpd30_rate,legacy_def,0.03201988554336901
2024-11-30,PL,dpd30_rate,new,0.032019882804286255
2024-11-30,PL,dpd90_rate,legacy_def,0.014519067862267728
2024-11-30,PL,dpd90_rate,new,0.014519066279259599
2024-11-30,PL,new_accounts,legacy_def,176.0
2024-11-30,PL,new_originations_eur,avg_rate,852689.3472
2024-11-30,PL,new_originations_eur,legacy_def,857842.2624
2024-11-30,PL,new_originations_eur,new,852689.37
2024-11-30,PL,portfolio_balance_eur,legacy_def,8436789.75461498
2024-11-30,PL,portfolio_balance_eur,new,8436789.78
2024-11-30,RO,approval_rate,legacy_def,0.5
2024-11-30,RO,approval_rate,new,0.5410628019323671
2024-11-30,RO,avg_balance_per_customer_eur,legacy_def,3075.605818049105
2024-11-30,RO,avg_balance_per_customer_eur,new,3237.8865075376884
2024-11-30,RO,avg_balance_per_customer_eur,per_customer,3237.8865270416454
2024-11-30,RO,dpd30_rate,legacy_def,0.018526518635026395
2024-11-30,RO,dpd30_rate,new,0.018526522624725664
2024-11-30,RO,dpd90_rate,legacy_def,0.00874267769024677
2024-11-30,RO,dpd90_rate,new,0.008742680672421692
2024-11-30,RO,new_accounts,legacy_def,104.0
2024-11-30,RO,new_originations_eur,avg_rate,470810.819
2024-11-30,RO,new_originations_eur,legacy_def,470548.3715
2024-11-30,RO,new_originations_eur,new,470810.79
2024-11-30,RO,portfolio_balance_eur,legacy_def,5154715.3510503
2024-11-30,RO,portfolio_balance_eur,new,5154715.32
2024-12-31,CZ,approval_rate,legacy_def,0.5048231511254019
2024-12-31,CZ,approval_rate,new,0.5607142857142857
2024-12-31,CZ,avg_balance_per_customer_eur,legacy_def,2875.123805859795
2024-12-31,CZ,avg_balance_per_customer_eur,new,3031.776928135275
2024-12-31,CZ,avg_balance_per_customer_eur,per_customer,3031.776864328436
2024-12-31,CZ,dpd30_rate,legacy_def,0.033202283257912316
2024-12-31,CZ,dpd30_rate,new,0.033202283274378554
2024-12-31,CZ,dpd90_rate,legacy_def,0.018968733426181758
2024-12-31,CZ,dpd90_rate,new,0.018968732863331516
2024-12-31,CZ,new_accounts,legacy_def,153.0
2024-12-31,CZ,new_originations_eur,avg_rate,667167.084
2024-12-31,CZ,new_originations_eur,legacy_def,666592.944
2024-12-31,CZ,new_originations_eur,new,667167.13
2024-12-31,CZ,portfolio_balance_eur,legacy_def,6454652.94415524
2024-12-31,CZ,portfolio_balance_eur,new,6454653.08
2024-12-31,GROUP,approval_rate,legacy_def,0.5217831813576495
2024-12-31,GROUP,approval_rate,new,0.5754189944134078
2024-12-31,GROUP,avg_balance_per_customer_eur,legacy_def,2927.041474753556
2024-12-31,GROUP,avg_balance_per_customer_eur,new,3084.929861421547
2024-12-31,GROUP,avg_balance_per_customer_eur,per_customer,3084.929869010863
2024-12-31,GROUP,dpd30_rate,legacy_def,0.02823249893406642
2024-12-31,GROUP,dpd30_rate,new,0.028232500019332977
2024-12-31,GROUP,dpd90_rate,legacy_def,0.014695580436420698
2024-12-31,GROUP,dpd90_rate,new,0.014695581057443065
2024-12-31,GROUP,new_accounts,legacy_def,488.0
2024-12-31,GROUP,new_originations_eur,avg_rate,2279625.7896
2024-12-31,GROUP,new_originations_eur,legacy_def,2281549.533
2024-12-31,GROUP,new_originations_eur,new,2279625.78
2024-12-31,GROUP,portfolio_balance_eur,legacy_def,20702964.3509319
2024-12-31,GROUP,portfolio_balance_eur,new,20702964.3
2024-12-31,PL,approval_rate,legacy_def,0.5170731707317073
2024-12-31,PL,approval_rate,new,0.572972972972973
2024-12-31,PL,avg_balance_per_customer_eur,legacy_def,2907.9054668871768
2024-12-31,PL,avg_balance_per_customer_eur,new,3066.6098100172712
2024-12-31,PL,avg_balance_per_customer_eur,per_customer,3066.609806703472
2024-12-31,PL,dpd30_rate,legacy_def,0.027744878902087898
2024-12-31,PL,dpd30_rate,new,0.027744880244118968
2024-12-31,PL,dpd90_rate,legacy_def,0.011145662453183727
2024-12-31,PL,dpd90_rate,new,0.011145662826774193
2024-12-31,PL,new_accounts,legacy_def,206.0
2024-12-31,PL,new_originations_eur,avg_rate,1065276.8816
2024-12-31,PL,new_originations_eur,legacy_def,1068142.557
2024-12-31,PL,new_originations_eur,new,1065276.85
2024-12-31,PL,portfolio_balance_eur,legacy_def,8877835.39040655
2024-12-31,PL,portfolio_balance_eur,new,8877835.4
2024-12-31,RO,approval_rate,legacy_def,0.5488721804511278
2024-12-31,RO,approval_rate,new,0.5959183673469388
2024-12-31,RO,avg_balance_per_customer_eur,legacy_def,3025.6202909127383
2024-12-31,RO,avg_balance_per_customer_eur,new,3183.4474333135745
2024-12-31,RO,avg_balance_per_customer_eur,per_customer,3183.4475497155368
2024-12-31,RO,dpd30_rate,legacy_def,0.023065503949604313
2024-12-31,RO,dpd30_rate,new,0.023065505581216825
2024-12-31,RO,dpd90_rate,legacy_def,0.015428079374400081
2024-12-31,RO,dpd90_rate,new,0.015428081752353927
2024-12-31,RO,new_accounts,legacy_def,129.0
2024-12-31,RO,new_originations_eur,avg_rate,547181.824
2024-12-31,RO,new_originations_eur,legacy_def,546814.032
2024-12-31,RO,new_originations_eur,new,547181.8
2024-12-31,RO,portfolio_balance_eur,legacy_def,5370476.01637011
2024-12-31,RO,portfolio_balance_eur,new,5370475.82
2025-01-31,CZ,approval_rate,legacy_def,0.5155555555555555
2025-01-31,CZ,approval_rate,new,0.5829145728643216
2025-01-31,CZ,avg_balance_per_customer_eur,legacy_def,2827.9530015840664
2025-01-31,CZ,avg_balance_per_customer_eur,new,2987.7098633257406
2025-01-31,CZ,avg_balance_per_customer_eur,per_customer,2987.7097998512304
2025-01-31,CZ,dpd30_rate,legacy_def,0.03832414365658662
2025-01-31,CZ,dpd30_rate,new,0.03832414498262331
2025-01-31,CZ,dpd90_rate,legacy_def,0.01698947835536924
2025-01-31,CZ,dpd90_rate,new,0.016989479520211816
2025-01-31,CZ,new_accounts,legacy_def,111.0
2025-01-31,CZ,new_originations_eur,avg_rate,505939.46
2025-01-31,CZ,new_originations_eur,legacy_def,508488.43
2025-01-31,CZ,new_originations_eur,new,505939.46
2025-01-31,CZ,portfolio_balance_eur,legacy_def,6558023.01067345
2025-01-31,CZ,portfolio_balance_eur,new,6558023.15
2025-01-31,GROUP,approval_rate,legacy_def,0.5133614627285513
2025-01-31,GROUP,approval_rate,new,0.5757097791798107
2025-01-31,GROUP,avg_balance_per_customer_eur,legacy_def,2869.8671458957924
2025-01-31,GROUP,avg_balance_per_customer_eur,new,3023.130598819634
2025-01-31,GROUP,avg_balance_per_customer_eur,per_customer,3023.1305273737453
2025-01-31,GROUP,dpd30_rate,legacy_def,0.03013949654270317
2025-01-31,GROUP,dpd30_rate,new,0.03013949792332576
2025-01-31,GROUP,dpd90_rate,legacy_def,0.014491327178911934
2025-01-31,GROUP,dpd90_rate,new,0.014491328796396806
2025-01-31,GROUP,new_accounts,legacy_def,355.0
2025-01-31,GROUP,new_originations_eur,avg_rate,1611124.6974
2025-01-31,GROUP,new_originations_eur,legacy_def,1612453.6948
2025-01-31,GROUP,new_originations_eur,new,1611124.68
2025-01-31,GROUP,portfolio_balance_eur,legacy_def,21001687.77366541
2025-01-31,GROUP,portfolio_balance_eur,new,21001688.27
2025-01-31,PL,approval_rate,legacy_def,0.5139318885448917
2025-01-31,PL,approval_rate,new,0.5824561403508772
2025-01-31,PL,avg_balance_per_customer_eur,legacy_def,2830.519543174223
2025-01-31,PL,avg_balance_per_customer_eur,new,2978.108983726337
2025-01-31,PL,avg_balance_per_customer_eur,per_customer,2978.1089049405314
2025-01-31,PL,dpd30_rate,legacy_def,0.023569166153709062
2025-01-31,PL,dpd30_rate,new,0.023569169121900317
2025-01-31,PL,dpd90_rate,legacy_def,0.01221297004723216
2025-01-31,PL,dpd90_rate,new,0.01221297288417375
2025-01-31,PL,new_accounts,legacy_def,159.0
2025-01-31,PL,new_originations_eur,avg_rate,690190.9192
2025-01-31,PL,new_originations_eur,legacy_def,688717.1154
2025-01-31,PL,new_originations_eur,new,690190.88
2025-01-31,PL,portfolio_balance_eur,legacy_def,8967085.91277594
2025-01-31,PL,portfolio_balance_eur,new,8967086.15
2025-01-31,RO,approval_rate,legacy_def,0.50920245398773
2025-01-31,RO,approval_rate,new,0.5533333333333333
2025-01-31,RO,avg_balance_per_customer_eur,legacy_def,2991.0315948749426
2025-01-31,RO,avg_balance_per_customer_eur,new,3145.6513325674896
2025-01-31,RO,avg_balance_per_customer_eur,per_customer,3145.6512637656633
2025-01-31,RO,dpd30_rate,legacy_def,0.031096592771882123
2025-01-31,RO,dpd30_rate,new,0.0310965916739077
2025-01-31,RO,dpd90_rate,legacy_def,0.01523034534172916
2025-01-31,RO,dpd90_rate,new,0.015230345523530359
2025-01-31,RO,new_accounts,legacy_def,85.0
2025-01-31,RO,new_originations_eur,avg_rate,414994.3182
2025-01-31,RO,new_originations_eur,legacy_def,415248.1494
2025-01-31,RO,new_originations_eur,new,414994.34
2025-01-31,RO,portfolio_balance_eur,legacy_def,5476578.85021602
2025-01-31,RO,portfolio_balance_eur,new,5476578.97
2025-02-28,CZ,approval_rate,legacy_def,0.4605809128630705
2025-02-28,CZ,approval_rate,new,0.4977578475336323
2025-02-28,CZ,avg_balance_per_customer_eur,legacy_def,2754.0024649285715
2025-02-28,CZ,avg_balance_per_customer_eur,new,2896.387887759611
2025-02-28,CZ,avg_balance_per_customer_eur,per_customer,2896.387921577552
2025-02-28,CZ,dpd30_rate,legacy_def,0.031689247853842355
2025-02-28,CZ,dpd30_rate,new,0.03168924749932214
2025-02-28,CZ,dpd90_rate,legacy_def,0.014554932399700118
2025-02-28,CZ,dpd90_rate,new,0.01455493243241934
2025-02-28,CZ,new_accounts,legacy_def,98.0
2025-02-28,CZ,new_originations_eur,avg_rate,430272.945
2025-02-28,CZ,new_originations_eur,legacy_def,429748.695
2025-02-28,CZ,new_originations_eur,new,430272.95
2025-02-28,CZ,portfolio_balance_eur,legacy_def,6554525.86653
2025-02-28,CZ,portfolio_balance_eur,new,6554525.79
2025-02-28,GROUP,approval_rate,legacy_def,0.4826254826254826
2025-02-28,GROUP,approval_rate,new,0.5289139633286318
2025-02-28,GROUP,avg_balance_per_customer_eur,legacy_def,2811.57283427709
2025-02-28,GROUP,avg_balance_per_customer_eur,new,2956.058070101941
2025-02-28,GROUP,avg_balance_per_customer_eur,per_customer,2956.0580741896674
2025-02-28,GROUP,dpd30_rate,legacy_def,0.027766277139340694
2025-02-28,GROUP,dpd30_rate,new,0.027766275323091307
2025-02-28,GROUP,dpd90_rate,legacy_def,0.013029753412721933
2025-02-28,GROUP,dpd90_rate,new,0.013029751804949028
2025-02-28,GROUP,new_accounts,legacy_def,318.0
2025-02-28,GROUP,new_originations_eur,avg_rate,1493132.0234
2025-02-28,GROUP,new_originations_eur,legacy_def,1495022.3445
2025-02-28,GROUP,new_originations_eur,new,1493132.06
2025-02-28,GROUP,portfolio_balance_eur,legacy_def,21168331.86927221
2025-02-28,GROUP,portfolio_balance_eur,new,21168331.84
2025-02-28,PL,approval_rate,legacy_def,0.501577287066246
2025-02-28,PL,approval_rate,new,0.5501730103806228
2025-02-28,PL,avg_balance_per_customer_eur,legacy_def,2789.4743928624157
2025-02-28,PL,avg_balance_per_customer_eur,new,2932.2250595429673
2025-02-28,PL,avg_balance_per_customer_eur,per_customer,2932.2250940098647
2025-02-28,PL,dpd30_rate,legacy_def,0.025666396274937754
2025-02-28,PL,dpd30_rate,new,0.025666392584267266
2025-02-28,PL,dpd90_rate,legacy_def,0.0115556241618651
2025-02-28,PL,dpd90_rate,new,0.011555621181973494
2025-02-28,PL,new_accounts,legacy_def,141.0
2025-02-28,PL,new_originations_eur,avg_rate,692132.6234
2025-02-28,PL,new_originations_eur,legacy_def,693920.763
2025-02-28,PL,new_originations_eur,new,692132.61
2025-02-28,PL,portfolio_balance_eur,legacy_def,9110423.36708865
2025-02-28,PL,portfolio_balance_eur,new,9110423.26
2025-02-28,RO,approval_rate,legacy_def,0.4794520547945205
2025-02-28,RO,approval_rate,new,0.5329949238578681
2025-02-28,RO,avg_balance_per_customer_eur,legacy_def,2922.667358286543
2025-02-28,RO,avg_balance_per_customer_eur,new,3072.798877721943
2025-02-28,RO,avg_balance_per_customer_eur,per_customer,3072.7987915430263
2025-02-28,RO,dpd30_rate,legacy_def,0.0265702110537231
2025-02-28,RO,dpd30_rate,new,0.026570210646750234
2025-02-28,RO,dpd90_rate,legacy_def,0.0136535727397004
2025-02-28,RO,dpd90_rate,new,0.013653571424567398
2025-02-28,RO,new_accounts,legacy_def,79.0
2025-02-28,RO,new_originations_eur,avg_rate,370726.455
2025-02-28,RO,new_originations_eur,legacy_def,371352.8865
2025-02-28,RO,new_originations_eur,new,370726.5
2025-02-28,RO,portfolio_balance_eur,legacy_def,5503382.63565356
2025-02-28,RO,portfolio_balance_eur,new,5503382.79
2025-03-31,CZ,approval_rate,legacy_def,0.4924812030075188
2025-03-31,CZ,approval_rate,new,0.5481171548117155
2025-03-31,CZ,avg_balance_per_customer_eur,legacy_def,2780.3459341852163
2025-03-31,CZ,avg_balance_per_customer_eur,new,2916.0306207191784
2025-03-31,CZ,avg_balance_per_customer_eur,per_customer,2916.0306244665153
2025-03-31,CZ,dpd30_rate,legacy_def,0.02846799072478322
2025-03-31,CZ,dpd30_rate,new,0.02846799332280416
2025-03-31,CZ,dpd90_rate,legacy_def,0.010860912172801667
2025-03-31,CZ,dpd90_rate,new,0.01086091396998723
2025-03-31,CZ,new_accounts,legacy_def,126.0
2025-03-31,CZ,new_originations_eur,avg_rate,686325.57
2025-03-31,CZ,new_originations_eur,legacy_def,689728.865
2025-03-31,CZ,new_originations_eur,new,686325.57
2025-03-31,CZ,portfolio_balance_eur,legacy_def,6811847.53875378
2025-03-31,CZ,portfolio_balance_eur,new,6811847.53
2025-03-31,GROUP,approval_rate,legacy_def,0.511377245508982
2025-03-31,GROUP,approval_rate,new,0.5731543624161074
2025-03-31,GROUP,avg_balance_per_customer_eur,legacy_def,2814.550527218011
2025-03-31,GROUP,avg_balance_per_customer_eur,new,2957.2323419172176
2025-03-31,GROUP,avg_balance_per_customer_eur,per_customer,2957.2323390332967
2025-03-31,GROUP,dpd30_rate,legacy_def,0.026519758134703125
2025-03-31,GROUP,dpd30_rate,new,0.026519759673770377
2025-03-31,GROUP,dpd90_rate,legacy_def,0.010421528841491194
2025-03-31,GROUP,dpd90_rate,new,0.010421528893953763
2025-03-31,GROUP,new_accounts,legacy_def,405.0
2025-03-31,GROUP,new_originations_eur,avg_rate,2094608.2937
2025-03-31,GROUP,new_originations_eur,legacy_def,2094801.3763
2025-03-31,GROUP,new_originations_eur,new,2094608.23
2025-03-31,GROUP,portfolio_balance_eur,legacy_def,21933792.25860996
2025-03-31,GROUP,portfolio_balance_eur,new,21933792.28
2025-03-31,PL,approval_rate,legacy_def,0.5112994350282486
2025-03-31,PL,approval_rate,new,0.5746031746031746
2025-03-31,PL,avg_balance_per_customer_eur,legacy_def,2783.9841987451646
2025-03-31,PL,avg_balance_per_customer_eur,new,2925.3516978193143
2025-03-31,PL,avg_balance_per_customer_eur,per_customer,2925.3516206752147
2025-03-31,PL,dpd30_rate,legacy_def,0.02864786631765851
2025-03-31,PL,dpd30_rate,new,0.028647869423842582
2025-03-31,PL,dpd90_rate,legacy_def,0.012093512279064883
2025-03-31,PL,dpd90_rate,new,0.012093510880090735
2025-03-31,PL,new_accounts,legacy_def,160.0
2025-03-31,PL,new_originations_eur,avg_rate,825291.1392
2025-03-31,PL,new_originations_eur,legacy_def,821126.0508
2025-03-31,PL,new_originations_eur,new,825291.12
2025-03-31,PL,portfolio_balance_eur,legacy_def,9390378.70236744
2025-03-31,PL,portfolio_balance_eur,new,9390378.95
2025-03-31,RO,approval_rate,legacy_def,0.5348837209302325
2025-03-31,RO,approval_rate,new,0.6020942408376964
2025-03-31,RO,avg_balance_per_customer_eur,legacy_def,2909.4243743597667
2025-03-31,RO,avg_balance_per_customer_eur,new,3063.370283270978
2025-03-31,RO,avg_balance_per_customer_eur,per_customer,3063.370399512956
2025-03-31,RO,dpd30_rate,legacy_def,0.020717712929301225
2025-03-31,RO,dpd30_rate,new,0.020717710333186787
2025-03-31,RO,dpd90_rate,legacy_def,0.007160017088888154
2025-03-31,RO,dpd90_rate,new,0.007160017250434428
2025-03-31,RO,new_accounts,legacy_def,119.0
2025-03-31,RO,new_originations_eur,avg_rate,582991.5845
2025-03-31,RO,new_originations_eur,legacy_def,583946.4605
2025-03-31,RO,new_originations_eur,new,582991.54
2025-03-31,RO,portfolio_balance_eur,legacy_def,5731566.01748874
2025-03-31,RO,portfolio_balance_eur,new,5731565.8
2025-04-30,CZ,approval_rate,legacy_def,0.5399239543726235
2025-04-30,CZ,approval_rate,new,0.5991561181434599
2025-04-30,CZ,avg_balance_per_customer_eur,legacy_def,2755.043845988067
2025-04-30,CZ,avg_balance_per_customer_eur,new,2889.5475713694664
2025-04-30,CZ,avg_balance_per_customer_eur,per_customer,2889.547434662702
2025-04-30,CZ,dpd30_rate,legacy_def,0.03208665533366181
2025-04-30,CZ,dpd30_rate,new,0.032086655137288166
2025-04-30,CZ,dpd90_rate,legacy_def,0.019494109185834097
2025-04-30,CZ,dpd90_rate,new,0.019494109228936903
2025-04-30,CZ,new_accounts,legacy_def,131.0
2025-04-30,CZ,new_originations_eur,avg_rate,609880.382
2025-04-30,CZ,new_originations_eur,legacy_def,608857.043
2025-04-30,CZ,new_originations_eur,new,609880.34
2025-04-30,CZ,portfolio_balance_eur,legacy_def,6984036.14957975
2025-04-30,CZ,portfolio_balance_eur,new,6984036.48
2025-04-30,GROUP,approval_rate,legacy_def,0.5308056872037915
2025-04-30,GROUP,approval_rate,new,0.5848563968668408
2025-04-30,GROUP,avg_balance_per_customer_eur,legacy_def,2804.544372536656
2025-04-30,GROUP,avg_balance_per_customer_eur,new,2945.4102420299287
2025-04-30,GROUP,avg_balance_per_customer_eur,per_customer,2945.4102317167667
2025-04-30,GROUP,dpd30_rate,legacy_def,0.02736747029369472
2025-04-30,GROUP,dpd30_rate,new,0.027367471008854623
2025-04-30,GROUP,dpd90_rate,legacy_def,0.014520318289002958
2025-04-30,GROUP,dpd90_rate,new,0.014520319129593487
2025-04-30,GROUP,new_accounts,legacy_def,421.0
2025-04-30,GROUP,new_originations_eur,avg_rate,2046816.6888
2025-04-30,GROUP,new_originations_eur,legacy_def,2043847.6582
2025-04-30,GROUP,new_originations_eur,new,2046816.68
2025-04-30,GROUP,portfolio_balance_eur,legacy_def,22635477.63074335
2025-04-30,GROUP,portfolio_balance_eur,new,22635477.71
2025-04-30,PL,approval_rate,legacy_def,0.5348837209302325
2025-04-30,PL,approval_rate,new,0.5935483870967742
2025-04-30,PL,avg_balance_per_customer_eur,legacy_def,2785.4360666250573
2025-04-30,PL,avg_balance_per_customer_eur,new,2924.0776380090497
2025-04-30,PL,avg_balance_per_customer_eur,per_customer,2924.0776808009655
2025-04-30,PL,dpd30_rate,legacy_def,0.026054841493389096
2025-04-30,PL,dpd30_rate,new,0.026054843802148203
2025-04-30,PL,dpd90_rate,legacy_def,0.012210045765880202
2025-04-30,PL,dpd90_rate,new,0.012210046930507137
2025-04-30,PL,new_accounts,legacy_def,174.0
2025-04-30,PL,new_originations_eur,avg_rate,842456.16
2025-04-30,PL,new_originations_eur,legacy_def,842528.96
2025-04-30,PL,new_originations_eur,new,842456.17
2025-04-30,PL,portfolio_balance_eur,legacy_def,9693317.5118552
2025-04-30,PL,portfolio_balance_eur,new,9693317.37
2025-04-30,RO,approval_rate,legacy_def,0.5147679324894515
2025-04-30,RO,approval_rate,new,0.5570776255707762
2025-04-30,RO,avg_balance_per_customer_eur,legacy_def,2897.9202185352137
2025-04-30,RO,avg_balance_per_customer_eur,new,3050.7546646185356
2025-04-30,RO,avg_balance_per_customer_eur,per_customer,3050.7547205880182
2025-04-30,RO,dpd30_rate,legacy_def,0.0239712282411033
2025-04-30,RO,dpd30_rate,new,0.023971227076840258
2025-04-30,RO,dpd90_rate,legacy_def,0.01244870474387419
2025-04-30,RO,dpd90_rate,new,0.012448705623249663
2025-04-30,RO,new_accounts,legacy_def,116.0
2025-04-30,RO,new_originations_eur,avg_rate,594480.1468
2025-04-30,RO,new_originations_eur,legacy_def,592461.6552
2025-04-30,RO,new_originations_eur,new,594480.17
2025-04-30,RO,portfolio_balance_eur,legacy_def,5958123.9693084
2025-04-30,RO,portfolio_balance_eur,new,5958123.86
2025-05-31,CZ,approval_rate,legacy_def,0.5335689045936396
2025-05-31,CZ,approval_rate,new,0.58984375
2025-05-31,CZ,avg_balance_per_customer_eur,legacy_def,2748.7027349853947
2025-05-31,CZ,avg_balance_per_customer_eur,new,2881.74008
2025-05-31,CZ,avg_balance_per_customer_eur,per_customer,2881.739947358688
2025-05-31,CZ,dpd30_rate,legacy_def,0.028419458736337628
2025-05-31,CZ,dpd30_rate,new,0.02841945967590526
2025-05-31,CZ,dpd90_rate,legacy_def,0.01867875928543116
2025-05-31,CZ,dpd90_rate,new,0.018678761618223388
2025-05-31,CZ,new_accounts,legacy_def,144.0
2025-05-31,CZ,new_originations_eur,avg_rate,693042.48
2025-05-31,CZ,new_originations_eur,legacy_def,689817.063
2025-05-31,CZ,new_originations_eur,new,693042.48
2025-05-31,CZ,portfolio_balance_eur,legacy_def,7204349.86839672
2025-05-31,CZ,portfolio_balance_eur,new,7204350.2
2025-05-31,GROUP,approval_rate,legacy_def,0.5011185682326622
2025-05-31,GROUP,approval_rate,new,0.5544554455445545
2025-05-31,GROUP,avg_balance_per_customer_eur,legacy_def,2777.653513291327
2025-05-31,GROUP,avg_balance_per_customer_eur,new,2916.6409818959014
2025-05-31,GROUP,avg_balance_per_customer_eur,per_customer,2916.640953357953
2025-05-31,GROUP,dpd30_rate,legacy_def,0.028242503608986613
2025-05-31,GROUP,dpd30_rate,new,0.028242501951176707
2025-05-31,GROUP,dpd90_rate,legacy_def,0.015269421980645634
2025-05-31,GROUP,dpd90_rate,new,0.015269421724571726
2025-05-31,GROUP,new_accounts,legacy_def,421.0
2025-05-31,GROUP,new_originations_eur,avg_rate,2050170.1768
2025-05-31,GROUP,new_originations_eur,legacy_def,2042611.2844
2025-05-31,GROUP,new_originations_eur,new,2050170.19
2025-05-31,GROUP,portfolio_balance_eur,legacy_def,23198962.14300916
2025-05-31,GROUP,portfolio_balance_eur,new,23198962.37
2025-05-31,PL,approval_rate,legacy_def,0.5025510204081632
2025-05-31,PL,approval_rate,new,0.5533707865168539
2025-05-31,PL,avg_balance_per_customer_eur,legacy_def,2785.222747550398
2025-05-31,PL,avg_balance_per_customer_eur,new,2925.0090832608066
2025-05-31,PL,avg_balance_per_customer_eur,per_customer,2925.0090937430928
2025-05-31,PL,dpd30_rate,legacy_def,0.027905735116107028
2025-05-31,PL,dpd30_rate,new,0.02790573309346136
2025-05-31,PL,dpd90_rate,legacy_def,0.013020476941745488
2025-05-31,PL,dpd90_rate,new,0.013020474866432291
2025-05-31,PL,new_accounts,legacy_def,185.0
2025-05-31,PL,new_originations_eur,avg_rate,950334.7086
2025-05-31,PL,new_originations_eur,legacy_def,947353.4214
2025-05-31,PL,new_originations_eur,new,950334.72
2025-05-31,PL,portfolio_balance_eur,legacy_def,10082506.34613244
2025-05-31,PL,portfolio_balance_eur,new,10082506.31
2025-05-31,RO,approval_rate,legacy_def,0.45662100456621
2025-05-31,RO,approval_rate,new,0.5102040816326531
2025-05-31,RO,avg_balance_per_customer_eur,legacy_def,2800.61863026054
2025-05-31,RO,avg_balance_per_customer_eur,new,2945.742830094669
2025-05-31,RO,avg_balance_per_customer_eur,per_customer,2945.7428642152468
2025-05-31,RO,dpd30_rate,legacy_def,0.02860119539222698
2025-05-31,RO,dpd30_rate,new,0.02860119118367748
2025-05-31,RO,dpd90_rate,legacy_def,0.014950236878236104
2025-05-31,RO,dpd90_rate,new,0.014950236361295466
2025-05-31,RO,new_accounts,legacy_def,92.0
2025-05-31,RO,new_originations_eur,avg_rate,406792.9882
2025-05-31,RO,new_originations_eur,legacy_def,405440.8
2025-05-31,RO,new_originations_eur,new,406792.99
2025-05-31,RO,portfolio_balance_eur,legacy_def,5912105.92848
2025-05-31,RO,portfolio_balance_eur,new,5912105.86
2025-06-30,CZ,approval_rate,legacy_def,0.541095890410959
2025-06-30,CZ,approval_rate,new,0.5962264150943396
2025-06-30,CZ,avg_balance_per_customer_eur,legacy_def,2753.6451122271164
2025-06-30,CZ,avg_balance_per_customer_eur,new,2882.240694712466
2025-06-30,CZ,avg_balance_per_customer_eur,per_customer,2882.240657800054
2025-06-30,CZ,dpd30_rate,legacy_def,0.036448836170237454
2025-06-30,CZ,dpd30_rate,new,0.036448836139381484
2025-06-30,CZ,dpd90_rate,legacy_def,0.016943166802520223
2025-06-30,CZ,dpd90_rate,new,0.016943165187516183
2025-06-30,CZ,new_accounts,legacy_def,141.0
2025-06-30,CZ,new_originations_eur,avg_rate,716947.106
2025-06-30,CZ,new_originations_eur,legacy_def,712332.508
2025-06-30,CZ,new_originations_eur,new,716947.22
2025-06-30,CZ,portfolio_balance_eur,legacy_def,7467885.54435994
2025-06-30,CZ,portfolio_balance_eur,new,7467885.64
2025-06-30,GROUP,approval_rate,legacy_def,0.5227790432801822
2025-06-30,GROUP,approval_rate,new,0.5802781289506953
2025-06-30,GROUP,avg_balance_per_customer_eur,legacy_def,2761.6082712797324
2025-06-30,GROUP,avg_balance_per_customer_eur,new,2896.051057423819
2025-06-30,GROUP,avg_balance_per_customer_eur,per_customer,2896.0510194627086
2025-06-30,GROUP,dpd30_rate,legacy_def,0.032497587144361344
2025-06-30,GROUP,dpd30_rate,new,0.03249758714111169
2025-06-30,GROUP,dpd90_rate,legacy_def,0.01584312652074804
2025-06-30,GROUP,dpd90_rate,new,0.015843125691071356
2025-06-30,GROUP,new_accounts,legacy_def,437.0
2025-06-30,GROUP,new_originations_eur,avg_rate,2148048.8191
2025-06-30,GROUP,new_originations_eur,legacy_def,2141068.4961
2025-06-30,GROUP,new_originations_eur,new,2148048.91
2025-06-30,GROUP,portfolio_balance_eur,legacy_def,23854772.24731433
2025-06-30,GROUP,portfolio_balance_eur,new,23854772.56
2025-06-30,PL,approval_rate,legacy_def,0.5042735042735043
2025-06-30,PL,approval_rate,new,0.5673076923076923
2025-06-30,PL,avg_balance_per_customer_eur,legacy_def,2755.3281360199358
2025-06-30,PL,avg_balance_per_customer_eur,new,2891.6998228346456
2025-06-30,PL,avg_balance_per_customer_eur,per_customer,2891.6998322908885
2025-06-30,PL,dpd30_rate,legacy_def,0.029823374110329755
2025-06-30,PL,dpd30_rate,new,0.029823371828436265
2025-06-30,PL,dpd90_rate,legacy_def,0.01632785393900936
2025-06-30,PL,dpd90_rate,new,0.016327854198600618
2025-06-30,PL,new_accounts,legacy_def,176.0
2025-06-30,PL,new_originations_eur,avg_rate,795455.0
2025-06-30,PL,new_originations_eur,legacy_def,794106.185
2025-06-30,PL,new_originations_eur,new,795455.0
2025-06-30,PL,portfolio_balance_eur,legacy_def,10282884.6036264
2025-06-30,PL,portfolio_balance_eur,new,10282884.57
2025-06-30,RO,approval_rate,legacy_def,0.5276595744680851
2025-06-30,RO,approval_rate,new,0.5794392523364486
2025-06-30,RO,avg_balance_per_customer_eur,legacy_def,2782.134047095711
2025-06-30,RO,avg_balance_per_customer_eur,new,2920.5752870813394
2025-06-30,RO,avg_balance_per_customer_eur,per_customer,2920.5751671425787
2025-06-30,RO,dpd30_rate,legacy_def,0.032168483154002774
2025-06-30,RO,dpd30_rate,new,0.032168486960035325
2025-06-30,RO,dpd90_rate,legacy_def,0.013680713924902414
2025-06-30,RO,dpd90_rate,new,0.013680712295269678
2025-06-30,RO,new_accounts,legacy_def,120.0
2025-06-30,RO,new_originations_eur,avg_rate,635646.7131
2025-06-30,RO,new_originations_eur,legacy_def,634629.8031
2025-06-30,RO,new_originations_eur,new,635646.69
2025-06-30,RO,portfolio_balance_eur,legacy_def,6104002.09932799
2025-06-30,RO,portfolio_balance_eur,new,6104002.35
2025-07-31,CZ,approval_rate,legacy_def,0.49063670411985016
2025-07-31,CZ,approval_rate,new,0.5413223140495868
2025-07-31,CZ,avg_balance_per_customer_eur,legacy_def,2752.9094609714493
2025-07-31,CZ,avg_balance_per_customer_eur,new,2874.9393425995495
2025-07-31,CZ,avg_balance_per_customer_eur,per_customer,2874.93925676207
2025-07-31,CZ,dpd30_rate,legacy_def,0.0336556329113092
2025-07-31,CZ,dpd30_rate,new,0.03365563575938406
2025-07-31,CZ,dpd90_rate,legacy_def,0.008683087100659731
2025-07-31,CZ,dpd90_rate,new,0.008683086539441873
2025-07-31,CZ,new_accounts,legacy_def,124.0
2025-07-31,CZ,new_originations_eur,avg_rate,638077.38
2025-07-31,CZ,new_originations_eur,legacy_def,639536.829
2025-07-31,CZ,new_originations_eur,new,638077.38
2025-07-31,CZ,portfolio_balance_eur,legacy_def,7653088.30150063
2025-07-31,CZ,portfolio_balance_eur,new,7653088.53
2025-07-31,GROUP,approval_rate,legacy_def,0.5272067714631197
2025-07-31,GROUP,approval_rate,new,0.5782493368700266
2025-07-31,GROUP,avg_balance_per_customer_eur,legacy_def,2769.5836005312685
2025-07-31,GROUP,avg_balance_per_customer_eur,new,2901.6708983591075
2025-07-31,GROUP,avg_balance_per_customer_eur,per_customer,2901.6709307891642
2025-07-31,GROUP,dpd30_rate,legacy_def,0.03237192450816992
2025-07-31,GROUP,dpd30_rate,new,0.03237192457644941
2025-07-31,GROUP,dpd90_rate,legacy_def,0.011561457249646476
2025-07-31,GROUP,dpd90_rate,new,0.0115614570219796
2025-07-31,GROUP,new_accounts,legacy_def,421.0
2025-07-31,GROUP,new_originations_eur,avg_rate,2218342.9663
2025-07-31,GROUP,new_originations_eur,legacy_def,2220599.0708
2025-07-31,GROUP,new_originations_eur,new,2218343.11
2025-07-31,GROUP,portfolio_balance_eur,legacy_def,24580054.45471501
2025-07-31,GROUP,portfolio_balance_eur,new,24580054.18
2025-07-31,PL,approval_rate,legacy_def,0.555256064690027
2025-07-31,PL,approval_rate,new,0.6112759643916914
2025-07-31,PL,avg_balance_per_customer_eur,legacy_def,2796.6734045426847
2025-07-31,PL,avg_balance_per_customer_eur,new,2933.2639072305597
2025-07-31,PL,avg_balance_per_customer_eur,per_customer,2933.2640019268974
2025-07-31,PL,dpd30_rate,legacy_def,0.02857707235799204
2025-07-31,PL,dpd30_rate,new,0.028577070693945907
2025-07-31,PL,dpd90_rate,legacy_def,0.015387046023407258
2025-07-31,PL,dpd90_rate,new,0.015387047176875604
2025-07-31,PL,new_accounts,legacy_def,197.0
2025-07-31,PL,new_originations_eur,avg_rate,1111340.6553
2025-07-31,PL,new_originations_eur,legacy_def,1113499.4838
2025-07-31,PL,new_originations_eur,new,1111340.79
2025-07-31,PL,portfolio_balance_eur,legacy_def,10750412.56706208
2025-07-31,PL,portfolio_balance_eur,new,10750412.22
2025-07-31,RO,approval_rate,legacy_def,0.5238095238095238
2025-07-31,RO,approval_rate,new,0.5657142857142857
2025-07-31,RO,avg_balance_per_customer_eur,legacy_def,2743.915409219147
2025-07-31,RO,avg_balance_per_customer_eur,new,2880.8551445895523
2025-07-31,RO,avg_balance_per_customer_eur,per_customer,2880.8552174217816
2025-07-31,RO,dpd30_rate,legacy_def,0.03738635400364938
2025-07-31,RO,dpd30_rate,new,0.03738635350880467
2025-07-31,RO,dpd90_rate,legacy_def,0.008469403331735315
2025-07-31,RO,dpd90_rate,new,0.008469401356736907
2025-07-31,RO,new_accounts,legacy_def,100.0
2025-07-31,RO,new_originations_eur,avg_rate,468924.931
2025-07-31,RO,new_originations_eur,legacy_def,467562.758
2025-07-31,RO,new_originations_eur,new,468924.94
2025-07-31,RO,portfolio_balance_eur,legacy_def,6176553.5861523
2025-07-31,RO,portfolio_balance_eur,new,6176553.43
2025-08-31,CZ,approval_rate,legacy_def,0.472
2025-08-31,CZ,approval_rate,new,0.5175438596491229
2025-08-31,CZ,avg_balance_per_customer_eur,legacy_def,2730.631438185079
2025-08-31,CZ,avg_balance_per_customer_eur,new,2849.3112710007304
2025-08-31,CZ,avg_balance_per_customer_eur,per_customer,2849.3111829418444
2025-08-31,CZ,dpd30_rate,legacy_def,0.029199916326284478
2025-08-31,CZ,dpd30_rate,new,0.029199917144253792
2025-08-31,CZ,dpd90_rate,legacy_def,0.010991059401857978
2025-08-31,CZ,dpd90_rate,new,0.01099105843406398
2025-08-31,CZ,new_accounts,legacy_def,127.0
2025-08-31,CZ,new_originations_eur,avg_rate,655273.82
2025-08-31,CZ,new_originations_eur,legacy_def,651617.14
2025-08-31,CZ,new_originations_eur,new,655273.89
2025-08-31,CZ,portfolio_balance_eur,legacy_def,7801414.01889477
2025-08-31,CZ,portfolio_balance_eur,new,7801414.26
2025-08-31,GROUP,approval_rate,legacy_def,0.5221556886227545
2025-08-31,GROUP,approval_rate,new,0.575197889182058
2025-08-31,GROUP,avg_balance_per_customer_eur,legacy_def,2742.583452550372
2025-08-31,GROUP,avg_balance_per_customer_eur,new,2871.3979915020673
2025-08-31,GROUP,avg_balance_per_customer_eur,per_customer,2871.3979486566077
2025-08-31,GROUP,dpd30_rate,legacy_def,0.03224329336051637
2025-08-31,GROUP,dpd30_rate,new,0.03224329462282339
2025-08-31,GROUP,dpd90_rate,legacy_def,0.011910709067207067
2025-08-31,GROUP,dpd90_rate,new,0.011910708983326742
2025-08-31,GROUP,new_accounts,legacy_def,417.0
2025-08-31,GROUP,new_originations_eur,avg_rate,1962669.6024
2025-08-31,GROUP,new_originations_eur,legacy_def,1961472.2644
2025-08-31,GROUP,new_originations_eur,new,1962669.72
2025-08-31,GROUP,portfolio_balance_eur,legacy_def,25004133.33690174
2025-08-31,GROUP,portfolio_balance_eur,new,25004133.71
2025-08-31,PL,approval_rate,legacy_def,0.527027027027027
2025-08-31,PL,approval_rate,new,0.5769230769230769
2025-08-31,PL,avg_balance_per_customer_eur,legacy_def,2768.713515165761
2025-08-31,PL,avg_balance_per_customer_eur,new,2899.5767976633033
2025-08-31,PL,avg_balance_per_customer_eur,per_customer,2899.5767668119383
2025-08-31,PL,dpd30_rate,legacy_def,0.03310100832299584
2025-08-31,PL,dpd30_rate,new,0.03310101138406465
2025-08-31,PL,dpd90_rate,legacy_def,0.015045944850516933
2025-08-31,PL,dpd90_rate,new,0.01504594373653638
2025-08-31,PL,new_accounts,legacy_def,175.0
2025-08-31,PL,new_originations_eur,avg_rate,792810.6988
2025-08-31,PL,new_originations_eur,legacy_def,795485.6016
2025-08-31,PL,new_originations_eur,new,792810.74
2025-08-31,PL,portfolio_balance_eur,legacy_def,10919806.10381376
2025-08-31,PL,portfolio_balance_eur,new,10919806.22
2025-08-31,RO,approval_rate,legacy_def,0.5720930232558139
2025-08-31,RO,approval_rate,new,0.640625
2025-08-31,RO,avg_balance_per_customer_eur,legacy_def,2712.8295398070854
2025-08-31,RO,avg_balance_per_customer_eur,new,2850.686583484574
2025-08-31,RO,avg_balance_per_customer_eur,per_customer,2850.686576312709
2025-08-31,RO,dpd30_rate,legacy_def,0.0345314935451929
2025-08-31,RO,dpd30_rate,new,0.034531492328121804
2025-08-31,RO,dpd90_rate,legacy_def,0.007603535288230852
2025-08-31,RO,dpd90_rate,new,0.007603538080375494
2025-08-31,RO,new_accounts,legacy_def,115.0
2025-08-31,RO,new_originations_eur,avg_rate,514585.0836
2025-08-31,RO,new_originations_eur,legacy_def,514369.5228
2025-08-31,RO,new_originations_eur,new,514585.09
2025-08-31,RO,portfolio_balance_eur,legacy_def,6282913.21419321
2025-08-31,RO,portfolio_balance_eur,new,6282913.23
2025-09-30,CZ,approval_rate,legacy_def,0.5052631578947369
2025-09-30,CZ,approval_rate,new,0.5581395348837209
2025-09-30,CZ,avg_balance_per_customer_eur,legacy_def,2712.3987257345957
2025-09-30,CZ,avg_balance_per_customer_eur,new,2827.7169274740977
2025-09-30,CZ,avg_balance_per_customer_eur,per_customer,2827.7168566250625
2025-09-30,CZ,dpd30_rate,legacy_def,0.029613826839657888
2025-09-30,CZ,dpd30_rate,new,0.029613831272180154
2025-09-30,CZ,dpd90_rate,legacy_def,0.015192520141429222
2025-09-30,CZ,dpd90_rate,new,0.015192521442365658
2025-09-30,CZ,new_accounts,legacy_def,119.0
2025-09-30,CZ,new_originations_eur,avg_rate,621117.54
2025-09-30,CZ,new_originations_eur,legacy_def,618178.62
2025-09-30,CZ,new_originations_eur,new,621117.86
2025-09-30,CZ,portfolio_balance_eur,legacy_def,7914779.48169355
2025-09-30,CZ,portfolio_balance_eur,new,7914779.68
2025-09-30,GROUP,approval_rate,legacy_def,0.4994731296101159
2025-09-30,GROUP,approval_rate,new,0.5663082437275986
2025-09-30,GROUP,avg_balance_per_customer_eur,legacy_def,2730.6654210918045
2025-09-30,GROUP,avg_balance_per_customer_eur,new,2855.9364996093313
2025-09-30,GROUP,avg_balance_per_customer_eur,per_customer,2855.936487959617
2025-09-30,GROUP,dpd30_rate,legacy_def,0.032147226049656065
2025-09-30,GROUP,dpd30_rate,new,0.032147227290867456
2025-09-30,GROUP,dpd90_rate,legacy_def,0.015678340000462396
2025-09-30,GROUP,dpd90_rate,new,0.0156783399588947
2025-09-30,GROUP,new_accounts,legacy_def,427.0
2025-09-30,GROUP,new_originations_eur,avg_rate,2265271.8609
2025-09-30,GROUP,new_originations_eur,legacy_def,2256771.5526
2025-09-30,GROUP,new_originations_eur,new,2265272.11
2025-09-30,GROUP,portfolio_balance_eur,legacy_def,25586334.99563021
2025-09-30,GROUP,portfolio_balance_eur,new,25586335.1
2025-09-30,PL,approval_rate,legacy_def,0.508235294117647
2025-09-30,PL,approval_rate,new,0.5853658536585366
2025-09-30,PL,avg_balance_per_customer_eur,legacy_def,2758.010864648185
2025-09-30,PL,avg_balance_per_customer_eur,new,2887.991758949266
2025-09-30,PL,avg_balance_per_customer_eur,per_customer,2887.9918041873602
2025-09-30,PL,dpd30_rate,legacy_def,0.03183327671089876
2025-09-30,PL,dpd30_rate,new,0.03183327608383467
2025-09-30,PL,dpd90_rate,legacy_def,0.012609598197169058
2025-09-30,PL,dpd90_rate,new,0.0126095980122118
2025-09-30,PL,new_accounts,legacy_def,199.0
2025-09-30,PL,new_originations_eur,avg_rate,1089404.2497
2025-09-30,PL,new_originations_eur,legacy_def,1082645.5848
2025-09-30,PL,new_originations_eur,new,1089404.24
2025-09-30,PL,portfolio_balance_eur,legacy_def,11214072.17565952
2025-09-30,PL,portfolio_balance_eur,new,11214072.0
2025-09-30,RO,approval_rate,legacy_def,0.4769874476987448
2025-09-30,RO,approval_rate,new,0.5428571428571428
2025-09-30,RO,avg_balance_per_customer_eur,legacy_def,2706.405422580528
2025-09-30,RO,avg_balance_per_customer_eur,new,2835.9610979358804
2025-09-30,RO,avg_balance_per_customer_eur,per_customer,2835.9610620452963
2025-09-30,RO,dpd30_rate,legacy_def,0.035797556278281344
2025-09-30,RO,dpd30_rate,new,0.03579755687549253
2025-09-30,RO,dpd90_rate,legacy_def,0.02160297768336463
2025-09-30,RO,dpd90_rate,new,0.021602976101795394
2025-09-30,RO,new_accounts,legacy_def,109.0
2025-09-30,RO,new_originations_eur,avg_rate,554750.0712
2025-09-30,RO,new_originations_eur,legacy_def,555947.3478
2025-09-30,RO,new_originations_eur,new,554750.01
2025-09-30,RO,portfolio_balance_eur,legacy_def,6457483.33827714
2025-09-30,RO,portfolio_balance_eur,new,6457483.42
2025-10-31,CZ,approval_rate,legacy_def,0.5031847133757962
2025-10-31,CZ,approval_rate,new,0.5448275862068965
2025-10-31,CZ,avg_balance_per_customer_eur,legacy_def,2706.103994542396
2025-10-31,CZ,avg_balance_per_customer_eur,new,2816.728045345242
2025-10-31,CZ,avg_balance_per_customer_eur,per_customer,2816.7279640891306
2025-10-31,CZ,dpd30_rate,legacy_def,0.03091524100851482
2025-10-31,CZ,dpd30_rate,new,0.030915229473134867
2025-10-31,CZ,dpd90_rate,legacy_def,0.018481236977370835
2025-10-31,CZ,dpd90_rate,new,0.018481228870361185
2025-10-31,CZ,new_accounts,legacy_def,155.0
2025-10-31,CZ,new_originations_eur,avg_rate,756699.552
2025-10-31,CZ,new_originations_eur,legacy_def,757970.073
2025-10-31,CZ,new_originations_eur,new,756699.55
2025-10-31,CZ,portfolio_balance_eur,legacy_def,8199495.10346346
2025-10-31,CZ,portfolio_balance_eur,new,8199495.34
2025-10-31,GROUP,approval_rate,legacy_def,0.496900826446281
2025-10-31,GROUP,approval_rate,new,0.5509736540664376
2025-10-31,GROUP,avg_balance_per_customer_eur,legacy_def,2716.5177466381197
2025-10-31,GROUP,avg_balance_per_customer_eur,new,2837.4214291887224
2025-10-31,GROUP,avg_balance_per_customer_eur,per_customer,2837.4214207890222
2025-10-31,GROUP,dpd30_rate,legacy_def,0.03513020478001112
2025-10-31,GROUP,dpd30_rate,new,0.03513020226626981
2025-10-31,GROUP,dpd90_rate,legacy_def,0.018206342700234426
2025-10-31,GROUP,dpd90_rate,new,0.018206340700583076
2025-10-31,GROUP,new_accounts,legacy_def,455.0
2025-10-31,GROUP,new_originations_eur,avg_rate,2203165.0295
2025-10-31,GROUP,new_originations_eur,legacy_def,2200963.9434
2025-10-31,GROUP,new_originations_eur,new,2203165.09
2025-10-31,GROUP,portfolio_balance_eur,legacy_def,26266010.09224398
2025-10-31,GROUP,portfolio_balance_eur,new,26266010.17
2025-10-31,PL,approval_rate,legacy_def,0.475
2025-10-31,PL,approval_rate,new,0.5307262569832403
2025-10-31,PL,avg_balance_per_customer_eur,legacy_def,2723.0943239649378
2025-10-31,PL,avg_balance_per_customer_eur,new,2850.1629026593077
2025-10-31,PL,avg_balance_per_customer_eur,per_customer,2850.1629502212045
2025-10-31,PL,dpd30_rate,legacy_def,0.03608719696196898
2025-10-31,PL,dpd30_rate,new,0.03608719883620564
2025-10-31,PL,dpd90_rate,legacy_def,0.01607265166441086
2025-10-31,PL,dpd90_rate,new,0.016072652841465345
2025-10-31,PL,new_accounts,legacy_def,175.0
2025-10-31,PL,new_originations_eur,avg_rate,834287.6855
2025-10-31,PL,new_originations_eur,legacy_def,829644.087
2025-10-31,PL,new_originations_eur,new,834287.72
2025-10-31,PL,portfolio_balance_eur,legacy_def,11360749.51958172
2025-10-31,PL,portfolio_balance_eur,new,11360749.33
2025-10-31,RO,approval_rate,legacy_def,0.5236220472440944
2025-10-31,RO,approval_rate,new,0.5911111111111111
2025-10-31,RO,avg_balance_per_customer_eur,legacy_def,2718.186246128415
2025-10-31,RO,avg_balance_per_customer_eur,new,2841.426059322034
2025-10-31,RO,avg_balance_per_customer_eur,per_customer,2841.426046270678
2025-10-31,RO,dpd30_rate,legacy_def,0.03866275098119359
2025-10-31,RO,dpd30_rate,new,0.03866275222418678
2025-10-31,RO,dpd90_rate,legacy_def,0.021485063859184424
2025-10-31,RO,dpd90_rate,new,0.02148506386034525
2025-10-31,RO,new_accounts,legacy_def,125.0
2025-10-31,RO,new_originations_eur,avg_rate,612177.792
2025-10-31,RO,new_originations_eur,legacy_def,613349.7834
2025-10-31,RO,new_originations_eur,new,612177.82
2025-10-31,RO,portfolio_balance_eur,legacy_def,6705765.4691988
2025-10-31,RO,portfolio_balance_eur,new,6705765.5
2025-11-30,CZ,approval_rate,legacy_def,0.48788927335640137
2025-11-30,CZ,approval_rate,new,0.5444015444015444
2025-11-30,CZ,avg_balance_per_customer_eur,legacy_def,2676.1955295320076
2025-11-30,CZ,avg_balance_per_customer_eur,new,2782.7420274339242
2025-11-30,CZ,avg_balance_per_customer_eur,per_customer,2782.7419557663034
2025-11-30,CZ,dpd30_rate,legacy_def,0.02770000228491107
2025-11-30,CZ,dpd30_rate,new,0.027699998679429287
2025-11-30,CZ,dpd90_rate,legacy_def,0.012282056309905302
2025-11-30,CZ,dpd90_rate,new,0.012282053052529022
2025-11-30,CZ,new_accounts,legacy_def,127.0
2025-11-30,CZ,new_originations_eur,avg_rate,638234.96
2025-11-30,CZ,new_originations_eur,legacy_def,639015.432
2025-11-30,CZ,new_originations_eur,new,638234.96
2025-11-30,CZ,portfolio_balance_eur,legacy_def,8317615.70578548
2025-11-30,CZ,portfolio_balance_eur,new,8317615.92
2025-11-30,GROUP,approval_rate,legacy_def,0.48383733055265904
2025-11-30,GROUP,approval_rate,new,0.5446009389671361
2025-11-30,GROUP,avg_balance_per_customer_eur,legacy_def,2690.4005212942157
2025-11-30,GROUP,avg_balance_per_customer_eur,new,2807.8039494387917
2025-11-30,GROUP,avg_balance_per_customer_eur,per_customer,2807.8039217828755
2025-11-30,GROUP,dpd30_rate,legacy_def,0.03947662463726562
2025-11-30,GROUP,dpd30_rate,new,0.03947662273448012
2025-11-30,GROUP,dpd90_rate,legacy_def,0.016944121488560632
2025-11-30,GROUP,dpd90_rate,new,0.016944120099279498
2025-11-30,GROUP,new_accounts,legacy_def,432.0
2025-11-30,GROUP,new_originations_eur,avg_rate,2114811.7488
2025-11-30,GROUP,new_originations_eur,legacy_def,2113262.8431
2025-11-30,GROUP,new_originations_eur,new,2114811.72
2025-11-30,GROUP,portfolio_balance_eur,legacy_def,26766794.78635615
2025-11-30,GROUP,portfolio_balance_eur,new,26766795.05
2025-11-30,PL,approval_rate,legacy_def,0.45365853658536587
2025-11-30,PL,approval_rate,new,0.5138121546961326
2025-11-30,PL,avg_balance_per_customer_eur,legacy_def,2684.179005458204
2025-11-30,PL,avg_balance_per_customer_eur,new,2807.10852862363
2025-11-30,PL,avg_balance_per_customer_eur,per_customer,2807.10851898467
2025-11-30,PL,dpd30_rate,legacy_def,0.04334023648768768
2025-11-30,PL,dpd30_rate,new,0.04334023315581993
2025-11-30,PL,dpd90_rate,legacy_def,0.017347770152703734
2025-11-30,PL,dpd90_rate,new,0.017347771288189255
2025-11-30,PL,new_accounts,legacy_def,181.0
2025-11-30,PL,new_originations_eur,avg_rate,872997.2788
2025-11-30,PL,new_originations_eur,legacy_def,870574.8111
2025-11-30,PL,new_originations_eur,new,872997.28
2025-11-30,PL,portfolio_balance_eur,legacy_def,11523180.47043207
2025-11-30,PL,portfolio_balance_eur,new,11523180.51
2025-11-30,RO,approval_rate,legacy_def,0.5269230769230769
2025-11-30,RO,approval_rate,new,0.5930735930735931
2025-11-30,RO,avg_balance_per_customer_eur,legacy_def,2718.2098155959966
2025-11-30,RO,avg_balance_per_customer_eur,new,2839.687831078311
2025-11-30,RO,avg_balance_per_customer_eur,per_customer,2839.6878270350962
2025-11-30,RO,dpd30_rate,legacy_def,0.04719137097589734
2025-11-30,RO,dpd30_rate,new,0.04719137382675367
2025-11-30,RO,dpd90_rate,legacy_def,0.021871346004293902
2025-11-30,RO,dpd90_rate,new,0.021871342792730734
2025-11-30,RO,new_accounts,legacy_def,124.0
2025-11-30,RO,new_originations_eur,avg_rate,603579.51
2025-11-30,RO,new_originations_eur,legacy_def,603672.6
2025-11-30,RO,new_originations_eur,new,603579.48
2025-11-30,RO,portfolio_balance_eur,legacy_def,6925998.6101386
2025-11-30,RO,portfolio_balance_eur,new,6925998.62
2025-12-31,CZ,approval_rate,legacy_def,0.5396419437340153
2025-12-31,CZ,approval_rate,new,0.5943661971830986
2025-12-31,CZ,avg_balance_per_customer_eur,legacy_def,2658.8914257295987
2025-12-31,CZ,avg_balance_per_customer_eur,new,2762.927601026299
2025-12-31,CZ,avg_balance_per_customer_eur,per_customer,2762.9275879935535
2025-12-31,CZ,dpd30_rate,legacy_def,0.022888110243289794
2025-12-31,CZ,dpd30_rate,new,0.02288810894556114
2025-12-31,CZ,dpd90_rate,legacy_def,0.009258368561754151
2025-12-31,CZ,dpd90_rate,new,0.009258368566406144
2025-12-31,CZ,new_accounts,legacy_def,194.0
2025-12-31,CZ,new_originations_eur,avg_rate,869535.648
2025-12-31,CZ,new_originations_eur,legacy_def,868537.08
2025-12-31,CZ,new_originations_eur,new,869535.68
2025-12-31,CZ,portfolio_balance_eur,legacy_def,8614808.2193639
2025-12-31,CZ,portfolio_balance_eur,new,8614808.26
2025-12-31,GROUP,approval_rate,legacy_def,0.5263620386643234
2025-12-31,GROUP,approval_rate,new,0.5832521908471275
2025-12-31,GROUP,avg_balance_per_customer_eur,legacy_def,2684.080577440231
2025-12-31,GROUP,avg_balance_per_customer_eur,new,2797.8289157479517
2025-12-31,GROUP,avg_balance_per_customer_eur,per_customer,2797.828909790535
2025-12-31,GROUP,dpd30_rate,legacy_def,0.03643317435199664
2025-12-31,GROUP,dpd30_rate,new,0.03643317294854205
2025-12-31,GROUP,dpd90_rate,legacy_def,0.014376724868791322
2025-12-31,GROUP,dpd90_rate,new,0.014376723898286564
2025-12-31,GROUP,new_accounts,legacy_def,546.0
2025-12-31,GROUP,new_originations_eur,avg_rate,2746772.6036
2025-12-31,GROUP,new_originations_eur,legacy_def,2744151.4671
2025-12-31,GROUP,new_originations_eur,new,2746772.64
2025-12-31,GROUP,portfolio_balance_eur,legacy_def,27662134.43109902
2025-12-31,GROUP,portfolio_balance_eur,new,27662134.49
2025-12-31,PL,approval_rate,legacy_def,0.5098468271334792
2025-12-31,PL,approval_rate,new,0.5682926829268292
2025-12-31,PL,avg_balance_per_customer_eur,legacy_def,2702.4836595447728
2025-12-31,PL,avg_balance_per_customer_eur,new,2820.9522059863307
2025-12-31,PL,avg_balance_per_customer_eur,per_customer,2820.9521866895593
2025-12-31,PL,dpd30_rate,legacy_def,0.04540512478262579
2025-12-31,PL,dpd30_rate,new,0.045405120639045275
2025-12-31,PL,dpd90_rate,legacy_def,0.017284179496830664
2025-12-31,PL,dpd90_rate,new,0.017284175045351294
2025-12-31,PL,new_accounts,legacy_def,210.0
2025-12-31,PL,new_originations_eur,avg_rate,1153890.6395
2025-12-31,PL,new_originations_eur,legacy_def,1151932.8513
2025-12-31,PL,new_originations_eur,new,1153890.66
2025-12-31,PL,portfolio_balance_eur,legacy_def,11969300.1281238
2025-12-31,PL,portfolio_balance_eur,new,11969300.21
2025-12-31,RO,approval_rate,legacy_def,0.5344827586206896
2025-12-31,RO,approval_rate,new,0.5916030534351145
2025-12-31,RO,avg_balance_per_customer_eur,legacy_def,2684.1206232883274
2025-12-31,RO,avg_balance_per_customer_eur,new,2802.0688915281075
2025-12-31,RO,avg_balance_per_customer_eur,per_customer,2802.068916710736
2025-12-31,RO,dpd30_rate,legacy_def,0.03774712291149442
2025-12-31,RO,dpd30_rate,new,0.03774712599883887
2025-12-31,RO,dpd90_rate,legacy_def,0.015689726660789497
2025-12-31,RO,dpd90_rate,new,0.015689730397459037
2025-12-31,RO,new_accounts,legacy_def,142.0
2025-12-31,RO,new_originations_eur,avg_rate,723346.3161
2025-12-31,RO,new_originations_eur,legacy_def,723681.5358
2025-12-31,RO,new_originations_eur,new,723346.3
2025-12-31,RO,portfolio_balance_eur,legacy_def,7078026.08361132
2025-12-31,RO,portfolio_balance_eur,new,7078026.02
2026-01-31,CZ,approval_rate,legacy_def,0.502283105022831
2026-01-31,CZ,approval_rate,new,0.5583756345177665
2026-01-31,CZ,avg_balance_per_customer_eur,legacy_def,2632.4788348479487
2026-01-31,CZ,avg_balance_per_customer_eur,new,2738.540339943343
2026-01-31,CZ,avg_balance_per_customer_eur,per_customer,2738.5403050590085
2026-01-31,CZ,dpd30_rate,legacy_def,0.020835443479364148
2026-01-31,CZ,dpd30_rate,new,0.02083544603747825
2026-01-31,CZ,dpd90_rate,legacy_def,0.010677247618231507
2026-01-31,CZ,dpd90_rate,new,0.010677248429201524
2026-01-31,CZ,new_accounts,legacy_def,113.0
2026-01-31,CZ,new_originations_eur,avg_rate,572091.576
2026-01-31,CZ,new_originations_eur,legacy_def,571791.318
2026-01-31,CZ,new_originations_eur,new,572091.61
2026-01-31,CZ,portfolio_balance_eur,legacy_def,8700342.54917247
2026-01-31,CZ,portfolio_balance_eur,new,8700342.66
2026-01-31,GROUP,approval_rate,legacy_def,0.5361930294906166
2026-01-31,GROUP,approval_rate,new,0.5961251862891207
2026-01-31,GROUP,avg_balance_per_customer_eur,legacy_def,2670.7642635759807
2026-01-31,GROUP,avg_balance_per_customer_eur,new,2782.409894006934
2026-01-31,GROUP,avg_balance_per_customer_eur,per_customer,2782.4098821226935
2026-01-31,GROUP,dpd30_rate,legacy_def,0.03507198437170295
2026-01-31,GROUP,dpd30_rate,new,0.035071985310414604
2026-01-31,GROUP,dpd90_rate,legacy_def,0.015519653476616177
2026-01-31,GROUP,dpd90_rate,new,0.015519652857125303
2026-01-31,GROUP,new_accounts,legacy_def,412.0
2026-01-31,GROUP,new_originations_eur,avg_rate,2017877.3196
2026-01-31,GROUP,new_originations_eur,legacy_def,2025288.143
2026-01-31,GROUP,new_originations_eur,new,2017877.35
2026-01-31,GROUP,portfolio_balance_eur,legacy_def,28088427.76002859
2026-01-31,GROUP,portfolio_balance_eur,new,28088427.88
2026-01-31,PL,approval_rate,legacy_def,0.5318471337579618
2026-01-31,PL,approval_rate,new,0.6007194244604317
2026-01-31,PL,avg_balance_per_customer_eur,legacy_def,2693.1395565030425
2026-01-31,PL,avg_balance_per_customer_eur,new,2809.6366551006245
2026-01-31,PL,avg_balance_per_customer_eur,per_customer,2809.6366874459222
2026-01-31,PL,dpd30_rate,legacy_def,0.040968507249429145
2026-01-31,PL,dpd30_rate,new,0.040968505862534386
2026-01-31,PL,dpd90_rate,legacy_def,0.016584223066745462
2026-01-31,PL,dpd90_rate,new,0.01658422091380443
2026-01-31,PL,new_accounts,legacy_def,172.0
2026-01-31,PL,new_originations_eur,avg_rate,830842.646
2026-01-31,PL,new_originations_eur,legacy_def,837099.9458
2026-01-31,PL,new_originations_eur,new,830842.65
2026-01-31,PL,portfolio_balance_eur,legacy_def,12146059.39982872
2026-01-31,PL,portfolio_balance_eur,new,12146059.26
2026-01-31,RO,approval_rate,legacy_def,0.5774647887323944
2026-01-31,RO,approval_rate,new,0.6275510204081632
2026-01-31,RO,avg_balance_per_customer_eur,legacy_def,2680.2464141478167
2026-01-31,RO,avg_balance_per_customer_eur,new,2790.76144894027
2026-01-31,RO,avg_balance_per_customer_eur,per_customer,2790.761391532717
2026-01-31,RO,dpd30_rate,legacy_def,0.04228588649198911
2026-01-31,RO,dpd30_rate,new,0.04228588956894598
2026-01-31,RO,dpd90_rate,legacy_def,0.019551710944381812
2026-01-31,RO,dpd90_rate,new,0.019551711189944424
2026-01-31,RO,new_accounts,legacy_def,127.0
2026-01-31,RO,new_originations_eur,avg_rate,614943.0976
2026-01-31,RO,new_originations_eur,legacy_def,616396.8792
2026-01-31,RO,new_originations_eur,new,614943.09
2026-01-31,RO,portfolio_balance_eur,legacy_def,7242025.8110274
2026-01-31,RO,portfolio_balance_eur,new,7242025.96
2026-02-28,CZ,approval_rate,legacy_def,0.5346938775510204
2026-02-28,CZ,approval_rate,new,0.5745614035087719
2026-02-28,CZ,avg_balance_per_customer_eur,legacy_def,2565.961977707125
2026-02-28,CZ,avg_balance_per_customer_eur,new,2668.7903144266334
2026-02-28,CZ,avg_balance_per_customer_eur,per_customer,2668.7902937064855
2026-02-28,CZ,dpd30_rate,legacy_def,0.0220736383421933
2026-02-28,CZ,dpd30_rate,new,0.022073642360061124
2026-02-28,CZ,dpd90_rate,legacy_def,0.011745790913183925
2026-02-28,CZ,dpd90_rate,new,0.011745792066961422
2026-02-28,CZ,new_accounts,legacy_def,116.0
2026-02-28,CZ,new_originations_eur,avg_rate,510094.248
2026-02-28,CZ,new_originations_eur,legacy_def,507969.282
2026-02-28,CZ,new_originations_eur,new,510094.24
2026-02-28,CZ,portfolio_balance_eur,legacy_def,8657555.71278384
2026-02-28,CZ,portfolio_balance_eur,new,8657555.78
2026-02-28,GROUP,approval_rate,legacy_def,0.5332527206771464
2026-02-28,GROUP,approval_rate,new,0.5841059602649007
2026-02-28,GROUP,avg_balance_per_customer_eur,legacy_def,2623.4672754523963
2026-02-28,GROUP,avg_balance_per_customer_eur,new,2731.591198603569
2026-02-28,GROUP,avg_balance_per_customer_eur,per_customer,2731.591169174979
2026-02-28,GROUP,dpd30_rate,legacy_def,0.035646846733891645
2026-02-28,GROUP,dpd30_rate,new,0.03564684662188139
2026-02-28,GROUP,dpd90_rate,legacy_def,0.01752549166381864
2026-02-28,GROUP,dpd90_rate,new,0.0175254905568862
2026-02-28,GROUP,new_accounts,legacy_def,388.0
2026-02-28,GROUP,new_originations_eur,avg_rate,1766403.06
2026-02-28,GROUP,new_originations_eur,legacy_def,1764945.2354
2026-02-28,GROUP,new_originations_eur,new,1766403.25
2026-02-28,GROUP,portfolio_balance_eur,legacy_def,28168168.13653238
2026-02-28,GROUP,portfolio_balance_eur,new,28168168.44
2026-02-28,PL,approval_rate,legacy_def,0.5198863636363636
2026-02-28,PL,approval_rate,new,0.571875
2026-02-28,PL,avg_balance_per_customer_eur,legacy_def,2658.7641561223227
2026-02-28,PL,avg_balance_per_customer_eur,new,2773.3660911978222
2026-02-28,PL,avg_balance_per_customer_eur,per_customer,2773.3660594034577
2026-02-28,PL,dpd30_rate,legacy_def,0.04494239771685726
2026-02-28,PL,dpd30_rate,new,0.044942392803209136
2026-02-28,PL,dpd90_rate,legacy_def,0.020792374198764133
2026-02-28,PL,dpd90_rate,new,0.02079237114099652
2026-02-28,PL,new_accounts,legacy_def,160.0
2026-02-28,PL,new_originations_eur,avg_rate,714617.619
2026-02-28,PL,new_originations_eur,legacy_def,716795.738
2026-02-28,PL,new_originations_eur,new,714617.74
2026-02-28,PL,portfolio_balance_eur,legacy_def,12224997.58985044
2026-02-28,PL,portfolio_balance_eur,new,12224997.73
2026-02-28,RO,approval_rate,legacy_def,0.5521739130434783
2026-02-28,RO,approval_rate,new,0.6135265700483091
2026-02-28,RO,avg_balance_per_customer_eur,legacy_def,2634.9420737425316
2026-02-28,RO,avg_balance_per_customer_eur,new,2738.9529812030073
2026-02-28,RO,avg_balance_per_customer_eur,per_customer,2738.9529450744735
2026-02-28,RO,dpd30_rate,legacy_def,0.03617840372359802
2026-02-28,RO,dpd30_rate,new,0.03617840670039365
2026-02-28,RO,dpd90_rate,legacy_def,0.01891184688106271
2026-02-28,RO,dpd90_rate,new,0.018911846333333458
2026-02-28,RO,new_accounts,legacy_def,112.0
2026-02-28,RO,new_originations_eur,avg_rate,541691.193
2026-02-28,RO,new_originations_eur,legacy_def,540180.2154
2026-02-28,RO,new_originations_eur,new,541691.27
2026-02-28,RO,portfolio_balance_eur,legacy_def,7285614.8338981
2026-02-28,RO,portfolio_balance_eur,new,7285614.93
2026-03-31,CZ,approval_rate,legacy_def,0.5366795366795367
2026-03-31,CZ,approval_rate,new,0.5840336134453782
2026-03-31,CZ,avg_balance_per_customer_eur,legacy_def,2528.3293573209244
2026-03-31,CZ,avg_balance_per_customer_eur,new,2629.6757775768538
2026-03-31,CZ,avg_balance_per_customer_eur,per_customer,2629.6758927409614
2026-03-31,CZ,dpd30_rate,legacy_def,0.028477796911376814
2026-03-31,CZ,dpd30_rate,new,0.028477796597341554
2026-03-31,CZ,dpd90_rate,legacy_def,0.011462277148367528
2026-03-31,CZ,dpd90_rate,new,0.01146227522326851
2026-03-31,CZ,new_accounts,legacy_def,124.0
2026-03-31,CZ,new_originations_eur,avg_rate,588317.38
2026-03-31,CZ,new_originations_eur,legacy_def,586936.423
2026-03-31,CZ,new_originations_eur,new,588317.38
2026-03-31,CZ,portfolio_balance_eur,legacy_def,8725264.61211451
2026-03-31,CZ,portfolio_balance_eur,new,8725264.23
2026-03-31,GROUP,approval_rate,legacy_def,0.5115766262403528
2026-03-31,GROUP,approval_rate,new,0.5610640870616687
2026-03-31,GROUP,avg_balance_per_customer_eur,legacy_def,2601.134259983802
2026-03-31,GROUP,avg_balance_per_customer_eur,new,2707.197049710104
2026-03-31,GROUP,avg_balance_per_customer_eur,per_customer,2707.197048457621
2026-03-31,GROUP,dpd30_rate,legacy_def,0.037126951741517866
2026-03-31,GROUP,dpd30_rate,new,0.03712695143389107
2026-03-31,GROUP,dpd90_rate,legacy_def,0.017366425238302636
2026-03-31,GROUP,dpd90_rate,new,0.017366423120695935
2026-03-31,GROUP,new_accounts,legacy_def,419.0
2026-03-31,GROUP,new_originations_eur,avg_rate,2043446.2084
2026-03-31,GROUP,new_originations_eur,legacy_def,2043128.3674
2026-03-31,GROUP,new_originations_eur,new,2043446.16
2026-03-31,GROUP,portfolio_balance_eur,legacy_def,28482420.14682263
2026-03-31,GROUP,portfolio_balance_eur,new,28482420.16
2026-03-31,PL,approval_rate,legacy_def,0.5242718446601942
2026-03-31,PL,approval_rate,new,0.5806451612903226
2026-03-31,PL,avg_balance_per_customer_eur,legacy_def,2656.883314516834
2026-03-31,PL,avg_balance_per_customer_eur,new,2770.042544365572
2026-03-31,PL,avg_balance_per_customer_eur,per_customer,2770.0424973888908
2026-03-31,PL,dpd30_rate,legacy_def,0.04212867008818572
2026-03-31,PL,dpd30_rate,new,0.042128669780992854
2026-03-31,PL,dpd90_rate,legacy_def,0.020198745220568984
2026-03-31,PL,dpd90_rate,new,0.020198740633061
2026-03-31,PL,new_accounts,legacy_def,191.0
2026-03-31,PL,new_originations_eur,avg_rate,958805.6954
2026-03-31,PL,new_originations_eur,legacy_def,960003.0944
2026-03-31,PL,new_originations_eur,new,958805.68
2026-03-31,PL,portfolio_balance_eur,legacy_def,12487351.57822912
2026-03-31,PL,portfolio_balance_eur,new,12487351.79
2026-03-31,RO,approval_rate,legacy_def,0.461864406779661
2026-03-31,RO,approval_rate,new,0.5023041474654378
2026-03-31,RO,avg_balance_per_customer_eur,legacy_def,2597.286158084673
2026-03-31,RO,avg_balance_per_customer_eur,new,2697.515450834879
2026-03-31,RO,avg_balance_per_customer_eur,per_customer,2697.515382738033
2026-03-31,RO,dpd30_rate,legacy_def,0.03891626396394934
2026-03-31,RO,dpd30_rate,new,0.038916263017781935
2026-03-31,RO,dpd90_rate,legacy_def,0.019587541390795323
2026-03-31,RO,dpd90_rate,new,0.019587542835782644
2026-03-31,RO,new_accounts,legacy_def,104.0
2026-03-31,RO,new_originations_eur,avg_rate,496323.133
2026-03-31,RO,new_originations_eur,legacy_def,496188.85
2026-03-31,RO,new_originations_eur,new,496323.1
2026-03-31,RO,portfolio_balance_eur,legacy_def,7269803.956479
2026-03-31,RO,portfolio_balance_eur,new,7269804.14
2026-04-30,CZ,approval_rate,legacy_def,0.5306122448979592
2026-04-30,CZ,approval_rate,new,0.5886792452830188
2026-04-30,CZ,avg_balance_per_customer_eur,legacy_def,2484.5639456182
2026-04-30,CZ,avg_balance_per_customer_eur,new,2577.342375771832
2026-04-30,CZ,avg_balance_per_customer_eur,per_customer,2577.342428738903
2026-04-30,CZ,dpd30_rate,legacy_def,0.02640070112279625
2026-04-30,CZ,dpd30_rate,new,0.026400702353876964
2026-04-30,CZ,dpd90_rate,legacy_def,0.01139227644909056
2026-04-30,CZ,dpd90_rate,new,0.01139227746641576
2026-04-30,CZ,new_accounts,legacy_def,146.0
2026-04-30,CZ,new_originations_eur,avg_rate,658479.618
2026-04-30,CZ,new_originations_eur,legacy_def,656443.926
2026-04-30,CZ,new_originations_eur,new,658479.65
2026-04-30,CZ,portfolio_balance_eur,legacy_def,8765541.60014101
2026-04-30,CZ,portfolio_balance_eur,new,8765541.42
2026-04-30,GROUP,approval_rate,legacy_def,0.5111821086261981
2026-04-30,GROUP,approval_rate,new,0.5727923627684964
2026-04-30,GROUP,avg_balance_per_customer_eur,legacy_def,2583.048498416446
2026-04-30,GROUP,avg_balance_per_customer_eur,new,2684.9698653792593
2026-04-30,GROUP,avg_balance_per_customer_eur,per_customer,2684.969918138569
2026-04-30,GROUP,dpd30_rate,legacy_def,0.03482413529633713
2026-04-30,GROUP,dpd30_rate,new,0.03482413630566254
2026-04-30,GROUP,dpd90_rate,legacy_def,0.018056361179215923
2026-04-30,GROUP,dpd90_rate,new,0.018056361795472653
2026-04-30,GROUP,new_accounts,legacy_def,470.0
2026-04-30,GROUP,new_originations_eur,avg_rate,2292563.3037
2026-04-30,GROUP,new_originations_eur,legacy_def,2284399.1648
2026-04-30,GROUP,new_originations_eur,new,2292563.4
2026-04-30,GROUP,portfolio_balance_eur,legacy_def,28919810.98827053
2026-04-30,GROUP,portfolio_balance_eur,new,28919810.42
2026-04-30,PL,approval_rate,legacy_def,0.5084745762711864
2026-04-30,PL,approval_rate,new,0.5785123966942148
2026-04-30,PL,avg_balance_per_customer_eur,legacy_def,2644.6724566346797
2026-04-30,PL,avg_balance_per_customer_eur,new,2756.516042073303
2026-04-30,PL,avg_balance_per_customer_eur,per_customer,2756.516119407129
2026-04-30,PL,dpd30_rate,legacy_def,0.03752785215687461
2026-04-30,PL,dpd30_rate,new,0.03752785457472925
2026-04-30,PL,dpd90_rate,legacy_def,0.021893236844771187
2026-04-30,PL,dpd90_rate,new,0.02189323848975794
2026-04-30,PL,new_accounts,legacy_def,207.0
2026-04-30,PL,new_originations_eur,avg_rate,1034378.9988
2026-04-30,PL,new_originations_eur,legacy_def,1028364.9563
2026-04-30,PL,new_originations_eur,new,1034379.03
2026-04-30,PL,portfolio_balance_eur,legacy_def,12710295.82658627
2026-04-30,PL,portfolio_balance_eur,new,12710295.47
2026-04-30,RO,approval_rate,legacy_def,0.49137931034482757
2026-04-30,RO,approval_rate,new,0.5428571428571428
2026-04-30,RO,avg_balance_per_customer_eur,legacy_def,2600.969099071716
2026-04-30,RO,avg_balance_per_customer_eur,new,2698.0694200797393
2026-04-30,RO,avg_balance_per_customer_eur,per_customer,2698.069431512595
2026-04-30,RO,dpd30_rate,legacy_def,0.04012653477547745
2026-04-30,RO,dpd30_rate,new,0.04012653306680954
2026-04-30,RO,dpd90_rate,legacy_def,0.019352239931335093
2026-04-30,RO,dpd90_rate,new,0.019352238346822814
2026-04-30,RO,new_accounts,legacy_def,117.0
2026-04-30,RO,new_originations_eur,avg_rate,599704.6869
2026-04-30,RO,new_originations_eur,legacy_def,599590.2825
2026-04-30,RO,new_originations_eur,new,599704.72
2026-04-30,RO,portfolio_balance_eur,legacy_def,7443973.56154325
2026-04-30,RO,portfolio_balance_eur,new,7443973.53
2026-05-31,CZ,approval_rate,legacy_def,0.47540983606557374
2026-05-31,CZ,approval_rate,new,0.5390334572490706
2026-05-31,CZ,avg_balance_per_customer_eur,legacy_def,2479.8932986145383
2026-05-31,CZ,avg_balance_per_customer_eur,new,2570.3952442528735
2026-05-31,CZ,avg_balance_per_customer_eur,per_customer,2570.395151753632
2026-05-31,CZ,dpd30_rate,legacy_def,0.027176708340844093
2026-05-31,CZ,dpd30_rate,new,0.02717671069740052
2026-05-31,CZ,dpd90_rate,legacy_def,0.010548916364571836
2026-05-31,CZ,dpd90_rate,new,0.010548917716705417
2026-05-31,CZ,new_accounts,legacy_def,140.0
2026-05-31,CZ,new_originations_eur,avg_rate,687360.445
2026-05-31,CZ,new_originations_eur,legacy_def,687569.905
2026-05-31,CZ,new_originations_eur,new,687360.52
2026-05-31,CZ,portfolio_balance_eur,legacy_def,8944975.12810264
2026-05-31,CZ,portfolio_balance_eur,new,8944975.45
2026-05-31,GROUP,approval_rate,legacy_def,0.505699481865285
2026-05-31,GROUP,approval_rate,new,0.5674418604651162
2026-05-31,GROUP,avg_balance_per_customer_eur,legacy_def,2581.5523211263553
2026-05-31,GROUP,avg_balance_per_customer_eur,new,2683.61045636728
2026-05-31,GROUP,avg_balance_per_customer_eur,per_customer,2683.6104107026754
2026-05-31,GROUP,dpd30_rate,legacy_def,0.03453512678751768
2026-05-31,GROUP,dpd30_rate,new,0.03453512587964382
2026-05-31,GROUP,dpd90_rate,legacy_def,0.01593901593740963
2026-05-31,GROUP,dpd90_rate,new,0.01593901567414802
2026-05-31,GROUP,new_accounts,legacy_def,437.0
2026-05-31,GROUP,new_originations_eur,avg_rate,2111436.7555
2026-05-31,GROUP,new_originations_eur,legacy_def,2119965.6157
2026-05-31,GROUP,new_originations_eur,new,2111436.92
2026-05-31,GROUP,portfolio_balance_eur,legacy_def,29460675.08869397
2026-05-31,GROUP,portfolio_balance_eur,new,29460675.59
2026-05-31,PL,approval_rate,legacy_def,0.5154394299287411
2026-05-31,PL,approval_rate,new,0.5771276595744681
2026-05-31,PL,avg_balance_per_customer_eur,legacy_def,2668.1443252388385
2026-05-31,PL,avg_balance_per_customer_eur,new,2781.900289916862
2026-05-31,PL,avg_balance_per_customer_eur,per_customer,2781.9002120535406
2026-05-31,PL,dpd30_rate,legacy_def,0.03305028099455123
2026-05-31,PL,dpd30_rate,new,0.033050280056445454
2026-05-31,PL,dpd90_rate,legacy_def,0.017222764879450653
2026-05-31,PL,dpd90_rate,new,0.017222764071653098
2026-05-31,PL,new_accounts,legacy_def,189.0
2026-05-31,PL,new_originations_eur,avg_rate,930986.862
2026-05-31,PL,new_originations_eur,legacy_def,939762.7512
2026-05-31,PL,new_originations_eur,new,930986.88
2026-05-31,PL,portfolio_balance_eur,legacy_def,13049893.89474316
2026-05-31,PL,portfolio_balance_eur,new,13049894.26
2026-05-31,RO,approval_rate,legacy_def,0.5271966527196653
2026-05-31,RO,approval_rate,new,0.586046511627907
2026-05-31,RO,avg_balance_per_customer_eur,legacy_def,2562.0473801812527
2026-05-31,RO,avg_balance_per_customer_eur,new,2659.7099679372996
2026-05-31,RO,avg_balance_per_customer_eur,per_customer,2659.710034146124
2026-05-31,RO,dpd30_rate,legacy_def,0.04594688183238379
2026-05-31,RO,dpd30_rate,new,0.0459468777401429
2026-05-31,RO,dpd90_rate,legacy_def,0.020153097961295188
2026-05-31,RO,dpd90_rate,new,0.020153096988908048
2026-05-31,RO,new_accounts,legacy_def,108.0
2026-05-31,RO,new_originations_eur,avg_rate,493089.4485
2026-05-31,RO,new_originations_eur,legacy_def,492632.9595
2026-05-31,RO,new_originations_eur,new,493089.52
2026-05-31,RO,portfolio_balance_eur,legacy_def,7465806.06584817
2026-05-31,RO,portfolio_balance_eur,new,7465805.88
2026-06-30,CZ,approval_rate,legacy_def,0.5087719298245614
2026-06-30,CZ,approval_rate,new,0.5598455598455598
2026-06-30,CZ,avg_balance_per_customer_eur,legacy_def,2470.036075004437
2026-06-30,CZ,avg_balance_per_customer_eur,new,2556.1513265306126
2026-06-30,CZ,avg_balance_per_customer_eur,per_customer,2556.1512782996597
2026-06-30,CZ,dpd30_rate,legacy_def,0.02686513755722724
2026-06-30,CZ,dpd30_rate,new,0.026865134506553166
2026-06-30,CZ,dpd90_rate,legacy_def,0.008777693374451185
2026-06-30,CZ,dpd90_rate,new,0.008777688592713037
2026-06-30,CZ,new_accounts,legacy_def,127.0
2026-06-30,CZ,new_originations_eur,avg_rate,620996.553
2026-06-30,CZ,new_originations_eur,legacy_def,620112.145
2026-06-30,CZ,new_originations_eur,new,620996.57
2026-06-30,CZ,portfolio_balance_eur,legacy_def,9018101.7098412
2026-06-30,CZ,portfolio_balance_eur,new,9018101.88
2026-06-30,GROUP,approval_rate,legacy_def,0.503800217155266
2026-06-30,GROUP,approval_rate,new,0.5631067961165048
2026-06-30,GROUP,avg_balance_per_customer_eur,legacy_def,2562.699494098551
2026-06-30,GROUP,avg_balance_per_customer_eur,new,2661.053737950732
2026-06-30,GROUP,avg_balance_per_customer_eur,per_customer,2661.053723165168
2026-06-30,GROUP,dpd30_rate,legacy_def,0.035862353476068885
2026-06-30,GROUP,dpd30_rate,new,0.03586235367683879
2026-06-30,GROUP,dpd90_rate,legacy_def,0.015390550709427082
2026-06-30,GROUP,dpd90_rate,new,0.015390550901692286
2026-06-30,GROUP,new_accounts,legacy_def,450.0
2026-06-30,GROUP,new_originations_eur,avg_rate,2218190.8556
2026-06-30,GROUP,new_originations_eur,legacy_def,2212234.6776
2026-06-30,GROUP,new_originations_eur,new,2218190.94
2026-06-30,GROUP,portfolio_balance_eur,legacy_def,29814445.91434254
2026-06-30,GROUP,portfolio_balance_eur,new,29814446.08
2026-06-30,PL,approval_rate,legacy_def,0.49257425742574257
2026-06-30,PL,approval_rate,new,0.5637393767705382
2026-06-30,PL,avg_balance_per_customer_eur,legacy_def,2641.3688809475143
2026-06-30,PL,avg_balance_per_customer_eur,new,2750.647970893971
2026-06-30,PL,avg_balance_per_customer_eur,per_customer,2750.6479677060497
2026-06-30,PL,dpd30_rate,legacy_def,0.0351593931961535
2026-06-30,PL,dpd30_rate,new,0.035159393484177064
2026-06-30,PL,dpd90_rate,legacy_def,0.018040054226362876
2026-06-30,PL,dpd90_rate,new,0.018040055478169642
2026-06-30,PL,new_accounts,legacy_def,203.0
2026-06-30,PL,new_originations_eur,avg_rate,1029296.621
2026-06-30,PL,new_originations_eur,legacy_def,1025103.087
2026-06-30,PL,new_originations_eur,new,1029296.69
2026-06-30,PL,portfolio_balance_eur,legacy_def,13230616.7246661
2026-06-30,PL,portfolio_balance_eur,new,13230616.74
2026-06-30,RO,approval_rate,legacy_def,0.5172413793103449
2026-06-30,RO,approval_rate,new,0.5660377358490566
2026-06-30,RO,avg_balance_per_customer_eur,legacy_def,2543.956785418709
2026-06-30,RO,avg_balance_per_customer_eur,new,2639.8211653872995
2026-06-30,RO,avg_balance_per_customer_eur,per_customer,2639.8211723081786
2026-06-30,RO,dpd30_rate,legacy_def,0.04781604947407888
2026-06-30,RO,dpd30_rate,new,0.04781605363299724
2026-06-30,RO,dpd90_rate,legacy_def,0.018639525056145828
2026-06-30,RO,dpd90_rate,new,0.018639529476257397
2026-06-30,RO,new_accounts,legacy_def,120.0
2026-06-30,RO,new_originations_eur,avg_rate,567897.6816
2026-06-30,RO,new_originations_eur,legacy_def,567019.4456
2026-06-30,RO,new_originations_eur,new,567897.68
2026-06-30,RO,portfolio_balance_eur,legacy_def,7565727.47983524
2026-06-30,RO,portfolio_balance_eur,new,7565727.46
2026-07-31,CZ,approval_rate,legacy_def,0.4889705882352941
2026-07-31,CZ,approval_rate,new,0.5362903225806451
2026-07-31,CZ,avg_balance_per_customer_eur,legacy_def,2449.4811732823537
2026-07-31,CZ,avg_balance_per_customer_eur,new,2534.9123660714286
2026-07-31,CZ,avg_balance_per_customer_eur,per_customer,2534.9122967924804
2026-07-31,CZ,dpd30_rate,legacy_def,0.03255033100771914
2026-07-31,CZ,dpd30_rate,new,0.03255033255499446
2026-07-31,CZ,dpd90_rate,legacy_def,0.01034548846604658
2026-07-31,CZ,dpd90_rate,new,0.010345490071094138
2026-07-31,CZ,new_accounts,legacy_def,131.0
2026-07-31,CZ,new_originations_eur,avg_rate,630972.118
2026-07-31,CZ,new_originations_eur,legacy_def,628608.505
2026-07-31,CZ,new_originations_eur,new,630972.09
2026-07-31,CZ,portfolio_balance_eur,legacy_def,9085125.67170425
2026-07-31,CZ,portfolio_balance_eur,new,9085125.92
2026-07-31,GROUP,approval_rate,legacy_def,0.4931350114416476
2026-07-31,GROUP,approval_rate,new,0.5483460559796438
2026-07-31,GROUP,avg_balance_per_customer_eur,legacy_def,2521.91401927258
2026-07-31,GROUP,avg_balance_per_customer_eur,new,2618.8084464568315
2026-07-31,GROUP,avg_balance_per_customer_eur,per_customer,2618.808377143348
2026-07-31,GROUP,dpd30_rate,legacy_def,0.03495848312127351
2026-07-31,GROUP,dpd30_rate,new,0.03495848382250048
2026-07-31,GROUP,dpd90_rate,legacy_def,0.01570749492808659
2026-07-31,GROUP,dpd90_rate,new,0.01570749578351759
2026-07-31,GROUP,new_accounts,legacy_def,405.0
2026-07-31,GROUP,new_originations_eur,avg_rate,1993430.7369
2026-07-31,GROUP,new_originations_eur,legacy_def,1983542.7467
2026-07-31,GROUP,new_originations_eur,new,1993430.76
2026-07-31,GROUP,portfolio_balance_eur,legacy_def,29786326.48162844
2026-07-31,GROUP,portfolio_balance_eur,new,29786327.27
2026-07-31,PL,approval_rate,legacy_def,0.5106951871657754
2026-07-31,PL,approval_rate,new,0.5684523809523809
2026-07-31,PL,avg_balance_per_customer_eur,legacy_def,2569.2240103563427
2026-07-31,PL,avg_balance_per_customer_eur,new,2675.924713584288
2026-07-31,PL,avg_balance_per_customer_eur,per_customer,2675.924598347819
2026-07-31,PL,dpd30_rate,legacy_def,0.030884207896703403
2026-07-31,PL,dpd30_rate,new,0.030884209536449762
2026-07-31,PL,dpd90_rate,legacy_def,0.01595448168979278
2026-07-31,PL,dpd90_rate,new,0.01595448213750543
2026-07-31,PL,new_accounts,legacy_def,168.0
2026-07-31,PL,new_originations_eur,avg_rate,830258.6506
2026-07-31,PL,new_originations_eur,legacy_def,823479.8468
2026-07-31,PL,new_originations_eur,new,830258.7
2026-07-31,PL,portfolio_balance_eur,legacy_def,13079919.43672414
2026-07-31,PL,portfolio_balance_eur,new,13079920.0
2026-07-31,RO,approval_rate,legacy_def,0.4692982456140351
2026-07-31,RO,approval_rate,new,0.5297029702970297
2026-07-31,RO,avg_balance_per_customer_eur,legacy_def,2531.1462547990864
2026-07-31,RO,avg_balance_per_customer_eur,new,2626.2168676774636
2026-07-31,RO,avg_balance_per_customer_eur,per_customer,2626.2168756719675
2026-07-31,RO,dpd30_rate,legacy_def,0.04482159571451417
2026-07-31,RO,dpd30_rate,new,0.044821594206071395
2026-07-31,RO,dpd90_rate,legacy_def,0.021675511772998257
2026-07-31,RO,dpd90_rate,new,0.02167551260917562
2026-07-31,RO,new_accounts,legacy_def,106.0
2026-07-31,RO,new_originations_eur,avg_rate,532199.9683
2026-07-31,RO,new_originations_eur,legacy_def,531454.3949
2026-07-31,RO,new_originations_eur,new,532199.97
2026-07-31,RO,portfolio_balance_eur,legacy_def,7621281.37320005
2026-07-31,RO,portfolio_balance_eur,new,7621281.35
2026-08-31,CZ,approval_rate,legacy_def,0.5033333333333333
2026-08-31,CZ,approval_rate,new,0.5551470588235294
2026-08-31,CZ,avg_balance_per_customer_eur,legacy_def,2420.563700168451
2026-08-31,CZ,avg_balance_per_customer_eur,new,2508.0779101615994
2026-08-31,CZ,avg_balance_per_customer_eur,per_customer,2508.0779177587647
2026-08-31,CZ,dpd30_rate,legacy_def,0.02850879774068115
2026-08-31,CZ,dpd30_rate,new,0.02850879712148283
2026-08-31,CZ,dpd90_rate,legacy_def,0.01500015764110812
2026-08-31,CZ,dpd90_rate,new,0.015000155427669923
2026-08-31,CZ,new_accounts,legacy_def,150.0
2026-08-31,CZ,new_originations_eur,avg_rate,663882.135
2026-08-31,CZ,new_originations_eur,legacy_def,666092.525
2026-08-31,CZ,new_originations_eur,new,663882.47
2026-08-31,CZ,portfolio_balance_eur,legacy_def,9156992.47773725
2026-08-31,CZ,portfolio_balance_eur,new,9156992.45
2026-08-31,GROUP,approval_rate,legacy_def,0.5216473072861668
2026-08-31,GROUP,approval_rate,new,0.5771028037383178
2026-08-31,GROUP,avg_balance_per_customer_eur,legacy_def,2495.8430168571927
2026-08-31,GROUP,avg_balance_per_customer_eur,new,2592.019024137931
2026-08-31,GROUP,avg_balance_per_customer_eur,per_customer,2592.0190365585
2026-08-31,GROUP,dpd30_rate,legacy_def,0.033202369809468106
2026-08-31,GROUP,dpd30_rate,new,0.03320236712768806
2026-08-31,GROUP,dpd90_rate,legacy_def,0.01702857113663789
2026-08-31,GROUP,dpd90_rate,new,0.01702857007420565
2026-08-31,GROUP,new_accounts,legacy_def,467.0
2026-08-31,GROUP,new_originations_eur,avg_rate,2224260.5104
2026-08-31,GROUP,new_originations_eur,legacy_def,2225682.8088
2026-08-31,GROUP,new_originations_eur,new,2224260.91
2026-08-31,GROUP,portfolio_balance_eur,legacy_def,30067420.8240786
2026-08-31,GROUP,portfolio_balance_eur,new,30067420.68
2026-08-31,PL,approval_rate,legacy_def,0.5155875299760192
2026-08-31,PL,approval_rate,new,0.5779569892473119
2026-08-31,PL,avg_balance_per_customer_eur,legacy_def,2538.281316448324
2026-08-31,PL,avg_balance_per_customer_eur,new,2643.471343343343
2026-08-31,PL,avg_balance_per_customer_eur,per_customer,2643.471352985822
2026-08-31,PL,dpd30_rate,legacy_def,0.0335367847146365
2026-08-31,PL,dpd30_rate,new,0.03353678251393433
2026-08-31,PL,dpd90_rate,legacy_def,0.015551992383696792
2026-08-31,PL,dpd90_rate,new,0.015551992023204458
2026-08-31,PL,new_accounts,legacy_def,203.0
2026-08-31,PL,new_originations_eur,avg_rate,986602.396
2026-08-31,PL,new_originations_eur,legacy_def,985666.474
2026-08-31,PL,new_originations_eur,new,986602.5
2026-08-31,PL,portfolio_balance_eur,legacy_def,13204139.40816418
2026-08-31,PL,portfolio_balance_eur,new,13204139.36
2026-08-31,RO,approval_rate,legacy_def,0.5565217391304348
2026-08-31,RO,approval_rate,new,0.6037735849056604
2026-08-31,RO,avg_balance_per_customer_eur,legacy_def,2516.750143101623
2026-08-31,RO,avg_balance_per_customer_eur,new,2608.7640047393365
2026-08-31,RO,avg_balance_per_customer_eur,per_customer,2608.7640278189474
2026-08-31,RO,dpd30_rate,legacy_def,0.038206509079220165
2026-08-31,RO,dpd30_rate,new,0.03820650315175636
2026-08-31,RO,dpd90_rate,legacy_def,0.02196883734345879
2026-08-31,RO,dpd90_rate,new,0.021968836473164808
2026-08-31,RO,new_accounts,legacy_def,114.0
2026-08-31,RO,new_originations_eur,avg_rate,573775.9794
2026-08-31,RO,new_originations_eur,legacy_def,573923.8098
2026-08-31,RO,new_originations_eur,new,573775.94
2026-08-31,RO,portfolio_balance_eur,legacy_def,7706288.93817717
2026-08-31,RO,portfolio_balance_eur,new,7706288.87
